timestamp,timestamp_sample,control[0],control[1],control[2],control[3],control[4],control[5],control[6],control[7]
192000,192000,-6.984128e-05,0.00024576802,5.2649466e-05,0.0,0.0,0.0,0.0,-1.0
196000,196000,-0.00010550751,0.00014479017,7.4558375e-05,0.0,0.0,0.0,0.0,-1.0
244000,244000,3.147021e-05,0.0001326183,4.329465e-05,0.0,0.0,0.0,0.0,-1.0
292000,292000,-0.00031718874,0.00026891823,-7.555238e-06,0.0,0.0,0.0,0.0,-1.0
344000,344000,0.00015666935,0.00031092172,-2.989507e-05,0.0,0.0,0.0,0.0,-1.0
392000,392000,5.1543066e-05,0.0006029529,5.5226e-05,0.0,0.0,0.0,0.0,-1.0
444000,444000,2.9827637e-05,0.00021630008,-0.00015175468,0.0,0.0,0.0,0.0,-1.0
492000,492000,-9.795012e-05,0.00016103822,-2.0366975e-05,0.0,0.0,0.0,0.0,-1.0
540000,540000,0.00023384967,8.760955e-05,-0.00021481416,0.0,0.0,0.0,0.0,-1.0
592000,592000,0.00025946682,6.9030284e-05,1.1837711e-06,0.0,0.0,0.0,0.0,-1.0
644000,644000,-0.00010904191,0.0001833084,-9.879612e-05,0.0,0.0,0.0,0.0,-1.0
692000,692000,0.00023836624,0.00037805788,0.000118694734,0.0,0.0,0.0,0.0,-1.0
744000,744000,0.00019647855,0.00018507101,0.00016475181,0.0,0.0,0.0,0.0,-1.0
792000,792000,-0.00010955917,0.000119285774,0.00012708385,0.0,0.0,0.0,0.0,-1.0
844000,844000,0.00020325219,0.000106479354,-0.00026387442,0.0,0.0,0.0,0.0,-1.0
892000,892000,-1.885264e-05,0.0001241558,8.021679e-05,0.0,0.0,0.0,0.0,-1.0
944000,944000,0.0003129582,0.00042491732,0.00022411109,0.0,0.0,0.0,0.0,-1.0
992000,992000,0.00014477353,0.00029719135,-1.3316581e-05,0.0,0.0,0.0,0.0,-1.0
1044000,1044000,0.00024807177,0.00048337493,0.000103985825,0.0,0.0,0.0,0.0,-1.0
1088000,1088000,-1.6733553e-05,-1.2652905e-05,4.8637416e-05,0.0,0.0,0.0,0.0,-1.0
1144000,1144000,0.00010815922,0.0006907553,-9.677052e-05,0.0,0.0,0.0,0.0,-1.0
1192000,1192000,-0.0002833501,-4.3934167e-05,3.3958153e-05,0.0,0.0,0.0,0.0,-1.0
1244000,1244000,0.0047391164,0.0046891165,7.186314e-05,0.001,0.0,0.0,0.0,-1.0
1292000,1292000,0.0047932635,0.0049556354,0.00015356591,0.001,0.0,0.0,0.0,-1.0
1344000,1344000,0.0048699314,0.0050660856,0.00019550347,0.001,0.0,0.0,0.0,-1.0
1392000,1392000,0.004721177,0.0050643254,0.00012447902,0.001,0.0,0.0,0.0,-1.0
1444000,1444000,0.0049827104,0.0053958558,9.419975e-05,0.001,0.0,0.0,0.0,-1.0
1492000,1492000,0.004461321,0.005066919,-2.3803465e-05,0.001,0.0,0.0,0.0,-1.0
1544000,1544000,0.004717101,0.0050755674,-0.00019583292,0.001,0.0,0.0,0.0,-1.0
1592000,1592000,0.0047979024,0.004950659,-7.098726e-05,0.001,0.0,0.0,0.0,-1.0
1644000,1644000,0.0049064173,0.0051572593,-7.609179e-05,0.001,0.0,0.0,0.0,-1.0
1692000,1692000,0.004728916,0.0051611415,-0.00022155796,0.001,0.0,0.0,0.0,-1.0
1744000,1744000,0.004458734,0.0047877007,-0.00016043238,0.001,0.0,0.0,0.0,-1.0
1792000,1792000,0.0039917557,0.0052227294,-5.6954927e-05,0.001,0.0,0.0,0.0,-1.0
1844000,1844000,0.0044064615,0.0052724066,0.0001500126,0.001,0.0,0.0,0.0,-1.0
1892000,1892000,0.0040645236,0.0049315086,-0.00021465523,0.001,0.0,0.0,0.0,-1.0
1944000,1944000,0.003899141,0.004975149,5.671893e-05,0.001,0.0,0.0,0.0,-1.0
1992000,1992000,0.0036638675,0.0043343343,-0.00039121034,0.001,0.0,0.0,0.0,-1.0
2044000,2044000,0.003808201,0.0043700673,-0.00028679374,0.001,0.0,0.0,0.0,-1.0
2088000,2088000,0.0037479128,0.0045173825,-0.00025772615,0.001,0.0,0.0,0.0,-1.0
2144000,2144000,0.0039450647,0.004530672,4.2814295e-06,0.001,0.0,0.0,0.0,-1.0
2192000,2192000,0.0037448434,0.0041090855,1.3158331e-05,0.001,0.0,0.0,0.0,-1.0
2244000,2244000,0.0037980415,0.0037536286,-0.00057710445,0.001,0.0,0.0,0.0,-1.0
2292000,2292000,0.00365932,0.004148521,-0.0002473948,0.001,0.0,0.0,0.0,-1.0
2344000,2344000,0.0040308144,0.0048140856,-0.000649832,0.001,0.0,0.0,0.0,-1.0
2392000,2392000,0.0037867154,0.0039197206,-0.00019823502,0.001,0.0,0.0,0.0,-1.0
2444000,2444000,0.003932843,0.0038151157,-0.00022870528,0.001,0.0,0.0,0.0,-1.0
2492000,2492000,0.00360537,0.0037007837,5.6363595e-05,0.001,0.0,0.0,0.0,-1.0
2540000,2540000,0.0035319056,0.0038229504,-0.00023856231,0.001,0.0,0.0,0.0,-1.0
2592000,2592000,0.0038261348,0.0037007947,-0.0001318209,0.001,0.0,0.0,0.0,-1.0
2640000,2640000,0.00392575,0.0039265375,0.00010417588,0.001,0.0,0.0,0.0,-1.0
2692000,2692000,0.0040983157,0.0036708254,-0.000101019505,0.001,0.0,0.0,0.0,-1.0
2744000,2744000,0.0041337414,0.0034918652,1.8504e-05,0.001,0.0,0.0,0.0,-1.0
2792000,2792000,0.0043715644,0.0035730628,7.8917954e-05,0.001,0.0,0.0,0.0,-1.0
2844000,2844000,0.0043707117,0.003870566,5.21724e-06,0.001,0.0,0.0,0.0,-1.0
2892000,2892000,0.004014891,0.0034774167,0.00018432393,0.001,0.0,0.0,0.0,-1.0
2944000,2944000,0.0044652945,0.003696127,-0.00016908023,0.001,0.0,0.0,0.0,-1.0
2992000,2992000,0.004374489,0.0038385624,-6.849711e-05,0.001,0.0,0.0,0.0,-1.0
3044000,3044000,0.004079453,0.0037283269,-0.00031182854,0.001,0.0,0.0,0.0,-1.0
3088000,3088000,0.0038360015,0.0035233428,8.0282385e-05,0.001,0.0,0.0,0.0,-1.0
3140000,3140000,0.0042324453,0.0031699263,0.00019857135,0.001,0.0,0.0,0.0,-1.0
3192000,3192000,0.0042394083,0.0039294674,-6.8885274e-06,0.001,0.0,0.0,0.0,-1.0
3244000,3244000,0.0040009497,0.0038023263,-0.00021255632,0.001,0.0,0.0,0.0,-1.0
3292000,3292000,0.0041821646,0.003791231,-0.00029723736,0.001,0.0,0.0,0.0,-1.0
3344000,3344000,0.0042509036,0.0033401637,-0.00026403743,0.001,0.0,0.0,0.0,-1.0
3392000,3392000,0.004066219,0.0039456324,-0.00017639008,0.001,0.0,0.0,0.0,-1.0
3444000,3444000,0.004024568,0.0033654068,-0.00015658706,0.001,0.0,0.0,0.0,-1.0
3492000,3492000,0.00400417,0.0035937,2.9469835e-05,0.001,0.0,0.0,0.0,-1.0
3544000,3544000,0.0034634194,0.003655274,-0.0004616778,0.001,0.0,0.0,0.0,-1.0
3592000,3592000,0.003998566,0.003824808,8.118175e-05,0.001,0.0,0.0,0.0,-1.0
3644000,3644000,0.0035533998,0.003956354,-0.00015601025,0.001,0.0,0.0,0.0,-1.0
3692000,3692000,0.003883322,0.0040486827,0.0001490883,0.001,0.0,0.0,0.0,-1.0
3744000,3744000,0.0041109324,0.0035681364,0.00029634326,0.001,0.0,0.0,0.0,-1.0
3792000,3792000,0.0037789876,0.0039609466,0.00016136187,0.001,0.0,0.0,0.0,-1.0
3844000,3844000,0.003867692,0.0037392576,-1.8391776e-05,0.001,0.0,0.0,0.0,-1.0
3892000,3892000,0.0042325566,0.003435375,-0.00020099082,0.001,0.0,0.0,0.0,-1.0
3944000,3944000,0.0038441315,0.003878048,8.33038e-05,0.001,0.0,0.0,0.0,-1.0
3992000,3992000,0.003788728,0.0038485124,-0.00015420801,0.001,0.0,0.0,0.0,-1.0
4044000,4044000,0.0041493224,0.003981271,-7.1572285e-05,0.001,0.0,0.0,0.0,-1.0
4092000,4092000,0.0035717282,0.003585387,0.00032456458,0.001,0.0,0.0,0.0,-1.0
4144000,4144000,0.0039190077,0.0039330167,0.0002418675,0.001,0.0,0.0,0.0,-1.0
4192000,4192000,0.0037516134,0.0042517413,0.00036483162,0.001,0.0,0.0,0.0,-1.0
4244000,4244000,0.0036268572,0.0039044812,9.807983e-06,0.001,0.0,0.0,0.0,-1.0
4288000,4288000,0.0035987638,0.003731082,-0.00018767764,0.001,0.0,0.0,0.0,-1.0
4344000,4344000,0.004184906,0.0036779228,0.00015945167,0.001,0.0,0.0,0.0,-1.0
4392000,4392000,0.0036203866,0.0038592918,-0.00012185824,0.001,0.0,0.0,0.0,-1.0
4440000,4440000,0.00412207,0.0043558213,-2.9449051e-05,0.001,0.0,0.0,0.0,-1.0
4492000,4492000,0.0040049935,0.003755873,-3.284734e-06,0.001,0.0,0.0,0.0,-1.0
4540000,4540000,0.0038333004,0.0040270793,0.00027123818,0.001,0.0,0.0,0.0,-1.0
4592000,4592000,0.003977614,0.0039054607,-0.00016432708,0.001,0.0,0.0,0.0,-1.0
4640000,4640000,0.004186866,0.003615709,-8.608569e-05,0.001,0.0,0.0,0.0,-1.0
4692000,4692000,0.004123577,0.0042402395,-0.0003676547,0.001,0.0,0.0,0.0,-1.0
4744000,4744000,0.0041167485,0.0037503326,-0.00023039014,0.001,0.0,0.0,0.0,-1.0
4792000,4792000,0.003932519,0.003439146,5.0970284e-05,0.001,0.0,0.0,0.0,-1.0
4844000,4844000,0.004224244,0.0036268819,0.0002554701,0.001,0.0,0.0,0.0,-1.0
4888000,4888000,0.0039533414,0.0036332102,0.000260735,0.001,0.0,0.0,0.0,-1.0
4944000,4944000,0.004077006,0.0038188696,-0.00016654853,0.001,0.0,0.0,0.0,-1.0
4992000,4992000,0.004083447,0.0037548062,-0.0001405635,0.001,0.0,0.0,0.0,-1.0
5044000,5044000,0.003842489,0.0035468645,7.2092815e-05,0.001,0.0,0.0,0.0,-1.0
5092000,5092000,0.004050859,0.0035636588,0.00021051211,0.001,0.0,0.0,0.0,-1.0
5144000,5144000,0.0039776075,0.003807451,2.9561139e-05,0.001,0.0,0.0,0.0,-1.0
5192000,5192000,0.0041040755,0.003241881,-0.00012852946,0.001,0.0,0.0,0.0,-1.0
5244000,5244000,0.00401701,0.0036534702,0.00032633654,0.001,0.0,0.0,0.0,-1.0
5292000,5292000,0.0037854929,0.0035672165,-0.0001374565,0.001,0.0,0.0,0.0,-1.0
5344000,5344000,0.004388594,0.0036667394,0.00010173333,0.001,0.0,0.0,0.0,-1.0
5388000,5388000,0.003982887,0.0036644253,0.00012368911,0.001,0.0,0.0,0.0,-1.0
5440000,5440000,0.003718642,0.003666292,-0.00024081564,0.001,0.0,0.0,0.0,-1.0
5492000,5492000,0.0037213527,0.0032136901,0.00019571945,0.001,0.0,0.0,0.0,-1.0
5544000,5544000,0.0038684083,0.0034376031,-0.000121152836,0.001,0.0,0.0,0.0,-1.0
5588000,5588000,0.0037609704,0.0036860774,-0.00013242949,0.001,0.0,0.0,0.0,-1.0
5644000,5644000,0.0038600168,0.0037138655,8.2074184e-05,0.001,0.0,0.0,0.0,-1.0
5692000,5692000,0.00422225,0.0037262074,0.00022535925,0.001,0.0,0.0,0.0,-1.0
5744000,5744000,0.0040334556,0.0033954943,0.00010193682,0.001,0.0,0.0,0.0,-1.0
5788000,5788000,0.004321949,0.003407185,0.00012092348,0.001,0.0,0.0,0.0,-1.0
5844000,5844000,0.0037351595,0.0037337192,-6.3165267e-06,0.001,0.0,0.0,0.0,-1.0
5892000,5892000,0.003333444,0.003658013,-0.0001804197,0.001,0.0,0.0,0.0,-1.0
5944000,5944000,0.004043355,0.0033597103,-0.00020843062,0.001,0.0,0.0,0.0,-1.0
5988000,5988000,0.004221988,0.0036114214,0.00010489023,0.001,0.0,0.0,0.0,-1.0
6044000,6044000,0.0040443274,0.0031579086,2.852233e-05,0.001,0.0,0.0,0.0,-1.0
6092000,6092000,0.004069247,0.0036418263,-2.2427983e-05,0.001,0.0,0.0,0.0,-1.0
6144000,6144000,0.00398033,0.0035950379,0.00026680966,0.001,0.0,0.0,0.0,-1.0
6192000,6192000,0.0040806634,0.0034970033,-0.00012710142,0.001,0.0,0.0,0.0,-1.0
6244000,6244000,0.0037795228,0.0033758879,-0.00046226598,0.001,0.0,0.0,0.0,-1.0
6292000,6292000,0.0041969707,0.003773931,-9.1045644e-05,0.001,0.0,0.0,0.0,-1.0
6344000,6344000,0.004069676,0.0036377145,-7.45406e-05,0.001,0.0,0.0,0.0,-1.0
6392000,6392000,0.0041887676,0.0034145592,-0.00027571502,0.001,0.0,0.0,0.0,-1.0
6440000,6440000,0.0041468916,0.0035678016,-0.00014996117,0.001,0.0,0.0,0.0,-1.0
6492000,6492000,0.00371103,0.0034650047,4.603031e-05,0.001,0.0,0.0,0.0,-1.0
6544000,6544000,0.0038768607,0.0035222166,0.00013279494,0.001,0.0,0.0,0.0,-1.0
6592000,6592000,0.0035990337,0.0034973,-0.0003325522,0.001,0.0,0.0,0.0,-1.0
6644000,6644000,0.0038672264,0.0036106864,1.6250624e-05,0.001,0.0,0.0,0.0,-1.0
6692000,6692000,0.0038718064,0.0033427228,-1.4480763e-05,0.001,0.0,0.0,0.0,-1.0
6744000,6744000,0.0041702837,0.0034293826,0.00019504351,0.001,0.0,0.0,0.0,-1.0
6792000,6792000,0.004181522,0.0036279056,-8.460314e-05,0.001,0.0,0.0,0.0,-1.0
6840000,6840000,0.0041092443,0.0036305124,-0.00024597987,0.001,0.0,0.0,0.0,-1.0
6888000,6888000,0.0036905461,0.0035866299,0.00022009554,0.001,0.0,0.0,0.0,-1.0
6944000,6944000,0.004292829,0.003320421,-0.00021284577,0.001,0.0,0.0,0.0,-1.0
6992000,6992000,0.0036848753,0.0036058815,-5.961702e-05,0.001,0.0,0.0,0.0,-1.0
7040000,7040000,0.00386816,0.0036033976,-4.304983e-05,0.001,0.0,0.0,0.0,-1.0
7088000,7088000,0.0038947419,0.0035182952,-0.00011651299,0.001,0.0,0.0,0.0,-1.0
7140000,7140000,0.003940938,0.0036631431,5.2486612e-05,0.001,0.0,0.0,0.0,-1.0
7192000,7192000,0.003831105,0.0033995907,-7.337948e-05,0.001,0.0,0.0,0.0,-1.0
7244000,7244000,0.004028542,0.0035990742,8.698681e-06,0.001,0.0,0.0,0.0,-1.0
7288000,7288000,0.0043079774,0.0033351397,2.5078649e-05,0.001,0.0,0.0,0.0,-1.0
7344000,7344000,0.0037984145,0.0035153474,-7.896415e-05,0.001,0.0,0.0,0.0,-1.0
7392000,7392000,0.0038809136,0.003317458,-8.086699e-05,0.001,0.0,0.0,0.0,-1.0
7440000,7440000,0.0040574265,0.0035200217,-0.00034372258,0.001,0.0,0.0,0.0,-1.0
7488000,7488000,0.0044333837,0.002818844,-0.00016265367,0.001,0.0,0.0,0.0,-1.0
7544000,7544000,0.003792642,0.0035337717,0.00014602924,0.001,0.0,0.0,0.0,-1.0
7588000,7588000,0.0039999234,0.0036915957,-4.98771e-06,0.001,0.0,0.0,0.0,-1.0
7644000,7644000,0.00373079,0.0031141234,2.052553e-05,0.001,0.0,0.0,0.0,-1.0
7692000,7692000,0.0036938512,0.0030458283,0.00013929231,0.001,0.0,0.0,0.0,-1.0
7740000,7740000,0.003842761,0.0037692916,-0.0001111346,0.001,0.0,0.0,0.0,-1.0
7792000,7792000,0.003740054,0.0033052682,-3.3277196e-05,0.001,0.0,0.0,0.0,-1.0
7844000,7844000,0.0038551567,0.003755175,8.169936e-05,0.001,0.0,0.0,0.0,-1.0
7892000,7892000,0.0040080254,0.0033973455,-0.00020146172,0.001,0.0,0.0,0.0,-1.0
7940000,7940000,0.0040262323,0.0031796147,-5.1172097e-05,0.001,0.0,0.0,0.0,-1.0
7992000,7992000,0.0036917531,0.0033745875,-4.6396115e-05,0.001,0.0,0.0,0.0,-1.0
8044000,8044000,0.004264384,0.0034143117,1.9112602e-05,0.001,0.0,0.0,0.0,-1.0
8088000,8088000,0.003992064,0.0036075402,-0.0001954151,0.001,0.0,0.0,0.0,-1.0
8144000,8144000,0.00400509,0.0031669904,-9.4231546e-05,0.001,0.0,0.0,0.0,-1.0
8188000,8188000,0.004172468,0.003222376,0.00026176352,0.001,0.0,0.0,0.0,-1.0
8244000,8244000,0.0038900499,0.0035585174,-5.7358324e-05,0.001,0.0,0.0,0.0,-1.0
8292000,8292000,0.004095761,0.003046714,-0.0003017827,0.001,0.0,0.0,0.0,-1.0
8344000,8344000,0.0039604856,0.0037807212,-0.00010815257,0.001,0.0,0.0,0.0,-1.0
8392000,8392000,0.004277787,0.0030427652,-2.3729217e-05,0.001,0.0,0.0,0.0,-1.0
8440000,8440000,0.00416445,0.003173496,-0.00022957547,0.001,0.0,0.0,0.0,-1.0
8488000,8488000,0.0040001376,0.0033050037,-5.000233e-05,0.001,0.0,0.0,0.0,-1.0
8544000,8544000,0.0040317676,0.0029354885,5.834021e-05,0.001,0.0,0.0,0.0,-1.0
8588000,8588000,0.004239994,0.0034478377,-0.00020027398,0.001,0.0,0.0,0.0,-1.0
8644000,8644000,0.004039129,0.0031717026,-0.0001391465,0.001,0.0,0.0,0.0,-1.0
8688000,8688000,0.0041015204,0.0030769687,4.2340254e-08,0.001,0.0,0.0,0.0,-1.0
8740000,8740000,0.0041745114,0.0030915586,-1.3552635e-05,0.001,0.0,0.0,0.0,-1.0
8792000,8792000,0.0043729255,0.0028826888,-1.3926037e-05,0.001,0.0,0.0,0.0,-1.0
8844000,8844000,0.003851101,0.0031140242,6.168099e-05,0.001,0.0,0.0,0.0,-1.0
8888000,8888000,0.0042263316,0.0032012798,0.00012910255,0.001,0.0,0.0,0.0,-1.0
8940000,8940000,0.0035854639,0.0031457236,0.00010154716,0.001,0.0,0.0,0.0,-1.0
8988000,8988000,0.0038810815,0.0026648818,-9.256762e-05,0.001,0.0,0.0,0.0,-1.0
9040000,9040000,0.0037181878,0.0031926502,-0.0005040448,0.001,0.0,0.0,0.0,-1.0
9092000,9092000,0.0040107225,0.0034074774,-0.00017681574,0.001,0.0,0.0,0.0,-1.0
9140000,9140000,0.0038110842,0.0032082952,-9.900238e-05,0.001,0.0,0.0,0.0,-1.0
9192000,9192000,0.0040912894,0.003332024,-4.70652e-05,0.001,0.0,0.0,0.0,-1.0
9240000,9240000,0.0037987786,0.003281697,-0.00020290143,0.001,0.0,0.0,0.0,-1.0
9292000,9292000,0.0037498071,0.002679615,9.565954e-05,0.001,0.0,0.0,0.0,-1.0
9344000,9344000,0.003837484,0.003388468,-0.00015289639,0.001,0.0,0.0,0.0,-1.0
9392000,9392000,0.0040781484,0.0031312662,3.3025746e-05,0.001,0.0,0.0,0.0,-1.0
9444000,9444000,0.0038646555,0.0031720877,2.7562783e-06,0.001,0.0,0.0,0.0,-1.0
9492000,9492000,0.003707175,0.003075058,-0.00023848486,0.001,0.0,0.0,0.0,-1.0
9544000,9544000,0.0038111396,0.0031996965,0.00012891051,0.001,0.0,0.0,0.0,-1.0
9592000,9592000,0.0037603439,0.0031341738,9.856173e-05,0.001,0.0,0.0,0.0,-1.0
9644000,9644000,0.0038078756,0.003364479,8.690753e-05,0.001,0.0,0.0,0.0,-1.0
9688000,9688000,0.004051529,0.0033036622,0.00022252384,0.001,0.0,0.0,0.0,-1.0
9740000,9740000,0.0039423457,0.0030669735,-0.00011488143,0.001,0.0,0.0,0.0,-1.0
9792000,9792000,0.0034999643,0.0035845162,-0.00021852313,0.001,0.0,0.0,0.0,-1.0
9840000,9840000,0.003575132,0.003104608,-1.805962e-05,0.001,0.0,0.0,0.0,-1.0
9892000,9892000,0.003405742,0.0034663149,0.00027580987,0.001,0.0,0.0,0.0,-1.0
9944000,9944000,0.0035942164,0.0032886008,0.00019153302,0.001,0.0,0.0,0.0,-1.0
9992000,9992000,0.0037748534,0.0032079013,0.00010768478,0.001,0.0,0.0,0.0,-1.0
10044000,10044000,0.003725957,0.0030083365,-0.0001511162,0.001,0.0,0.0,0.0,-1.0
10092000,10092000,0.0034766758,0.00269445,0.00033933236,0.001,0.0,0.0,0.0,-1.0
10144000,10144000,0.0035842103,0.003004745,-0.00023282804,0.001,0.0,0.0,0.0,-1.0
10192000,10192000,0.004175269,0.0031501744,-3.894066e-05,0.001,0.0,0.0,0.0,-1.0
10244000,10244000,0.0037773992,0.0028915077,-0.000119343145,0.001,0.0,0.0,0.0,-1.0
10288000,10288000,0.003942364,0.002884695,0.00033106908,0.001,0.0,0.0,0.0,-1.0
10344000,10344000,0.003658283,0.003310268,-1.6544363e-06,0.001,0.0,0.0,0.0,-1.0
10392000,10392000,0.0034226724,0.003364819,0.0002082089,0.001,0.0,0.0,0.0,-1.0
10440000,10440000,0.004077606,0.002932647,2.3939176e-05,0.001,0.0,0.0,0.0,-1.0
10488000,10488000,0.0036073076,0.0031246361,-8.9266396e-05,0.001,0.0,0.0,0.0,-1.0
10540000,10540000,0.0041515618,0.0028467397,-7.819536e-05,0.001,0.0,0.0,0.0,-1.0
10592000,10592000,0.003883312,0.0030474504,6.595282e-05,0.001,0.0,0.0,0.0,-1.0
10644000,10644000,0.0034681708,0.0026699558,0.0003180337,0.001,0.0,0.0,0.0,-1.0
10692000,10692000,0.0035759031,0.003456329,-0.00025605323,0.001,0.0,0.0,0.0,-1.0
10744000,10744000,0.0040508267,0.003293637,7.061183e-06,0.001,0.0,0.0,0.0,-1.0
10792000,10792000,0.0039222213,0.003138356,0.00021014769,0.001,0.0,0.0,0.0,-1.0
10844000,10844000,0.0034796852,0.002969438,0.00013507325,0.001,0.0,0.0,0.0,-1.0
10888000,10888000,0.003899094,0.0032844418,-0.00015590436,0.001,0.0,0.0,0.0,-1.0
10944000,10944000,0.0037390117,0.003069546,-0.00032196683,0.001,0.0,0.0,0.0,-1.0
10988000,10988000,0.0040443954,0.0025789195,1.5187287e-05,0.001,0.0,0.0,0.0,-1.0
11040000,11040000,0.004319573,0.0032161707,1.0024756e-06,0.001,0.0,0.0,0.0,-1.0
11092000,11092000,0.003679413,0.0028988754,-6.173495e-05,0.001,0.0,0.0,0.0,-1.0
11144000,11144000,0.0032158357,0.0029867652,1.4881819e-05,0.001,0.0,0.0,0.0,-1.0
11192000,11192000,0.0033217322,0.0029294712,5.9172966e-05,0.001,0.0,0.0,0.0,-1.0
11244000,11244000,0.0031796782,0.0028209558,0.00021053408,0.001,0.0,0.0,0.0,-1.0
11288000,11288000,0.0032205076,0.0029164352,7.71752e-05,0.001,0.0,0.0,0.0,-1.0
11344000,11344000,0.003509204,0.003210548,0.0001607874,0.001,0.0,0.0,0.0,-1.0
11392000,11392000,0.0036107742,0.0029766413,0.000104505605,0.001,0.0,0.0,0.0,-1.0
11440000,11440000,0.003694415,0.0029400582,0.00018826762,0.001,0.0,0.0,0.0,-1.0
11488000,11488000,0.003434556,0.003286581,-6.128764e-05,0.001,0.0,0.0,0.0,-1.0
11544000,11544000,0.0036904088,0.0028349238,-0.00013341477,0.001,0.0,0.0,0.0,-1.0
11592000,11592000,0.0036555834,0.0029773666,-3.969442e-05,0.001,0.0,0.0,0.0,-1.0
11644000,11644000,0.00357302,0.0029106725,-4.9459133e-05,0.001,0.0,0.0,0.0,-1.0
11692000,11692000,0.0034652574,0.0024773974,-0.00017609388,0.001,0.0,0.0,0.0,-1.0
11744000,11744000,0.0036156364,0.0029552456,-0.00013079222,0.001,0.0,0.0,0.0,-1.0
11792000,11792000,0.003890867,0.002671985,-0.0001260875,0.001,0.0,0.0,0.0,-1.0
11844000,11844000,0.003217126,0.0028179833,-5.2996762e-05,0.001,0.0,0.0,0.0,-1.0
11888000,11888000,0.0038933882,0.0026577236,0.00013135314,0.001,0.0,0.0,0.0,-1.0
11944000,11944000,0.0036343383,0.0031813744,-1.2493404e-05,0.001,0.0,0.0,0.0,-1.0
11988000,11988000,0.0036387786,0.002563291,0.00020212865,0.001,0.0,0.0,0.0,-1.0
12040000,12040000,0.003837946,0.0024011154,0.00022311066,0.001,0.0,0.0,0.0,-1.0
12088000,12088000,0.0037460884,0.002794351,0.00034546523,0.001,0.0,0.0,0.0,-1.0
12144000,12144000,0.0036663818,0.00267772,0.000117618896,0.001,0.0,0.0,0.0,-1.0
12192000,12192000,0.0040839612,0.0026339414,0.0001159485,0.001,0.0,0.0,0.0,-1.0
12244000,12244000,0.0037004768,0.0023989829,0.00015476244,0.001,0.0,0.0,0.0,-1.0
12288000,12288000,0.0039353585,0.0024133157,0.00020141155,0.001,0.0,0.0,0.0,-1.0
12340000,12340000,0.0036879436,0.002775367,0.0001059206,0.001,0.0,0.0,0.0,-1.0
12388000,12388000,0.003616276,0.0024026607,-0.00010721408,0.001,0.0,0.0,0.0,-1.0
12444000,12444000,0.0038487352,0.002598804,-0.00015306332,0.001,0.0,0.0,0.0,-1.0
12488000,12488000,0.0034391617,0.0026070108,0.000102058766,0.001,0.0,0.0,0.0,-1.0
12544000,12544000,0.0039619273,0.002195734,0.0003710689,0.001,0.0,0.0,0.0,-1.0
12588000,12588000,0.0037116716,0.0029290472,2.895227e-05,0.001,0.0,0.0,0.0,-1.0
12644000,12644000,0.0036650025,0.0020929428,-0.00016224013,0.001,0.0,0.0,0.0,-1.0
12692000,12692000,0.0034681212,0.0024448389,-3.8013794e-05,0.001,0.0,0.0,0.0,-1.0
12744000,12744000,0.003641055,0.0021413998,2.6777809e-05,0.001,0.0,0.0,0.0,-1.0
12792000,12792000,0.003688761,0.0023450598,3.8767794e-05,0.001,0.0,0.0,0.0,-1.0
12840000,12840000,0.003763812,0.0020702446,0.00025711238,0.001,0.0,0.0,0.0,-1.0
12888000,12888000,0.0033444315,0.0026716131,-9.910353e-05,0.001,0.0,0.0,0.0,-1.0
12940000,12940000,0.0033334016,0.0021919787,8.920535e-05,0.001,0.0,0.0,0.0,-1.0
12992000,12992000,0.003312941,0.0025220928,0.0001471144,0.001,0.0,0.0,0.0,-1.0
13044000,13044000,0.003665449,0.0020448815,-6.812628e-05,0.001,0.0,0.0,0.0,-1.0
13092000,13092000,0.0033888675,0.0028297582,0.00015084227,0.001,0.0,0.0,0.0,-1.0
13140000,13140000,0.004150049,0.0021443472,-0.000118100725,0.001,0.0,0.0,0.0,-1.0
13188000,13188000,0.0040118294,0.0024362684,0.0004584347,0.001,0.0,0.0,0.0,-1.0
13240000,13240000,0.0036582395,0.0022073463,9.928707e-05,0.001,0.0,0.0,0.0,-1.0
13288000,13288000,0.0042697205,0.0024684106,-0.00016725481,0.001,0.0,0.0,0.0,-1.0
13340000,13340000,0.003812207,0.0022897406,-2.6902606e-05,0.001,0.0,0.0,0.0,-1.0
13388000,13388000,0.003910365,0.0024142903,0.0001579449,0.001,0.0,0.0,0.0,-1.0
13440000,13440000,0.0036832236,0.0022311169,0.00017099218,0.001,0.0,0.0,0.0,-1.0
13492000,13492000,0.0035621931,0.0023522011,-2.644344e-05,0.001,0.0,0.0,0.0,-1.0
13544000,13544000,0.0036186455,0.0026096858,0.00011693892,0.001,0.0,0.0,0.0,-1.0
13588000,13588000,0.004108376,0.0024636944,8.2783336e-05,0.001,0.0,0.0,0.0,-1.0
13640000,13640000,0.0035558082,0.002514602,1.7307013e-05,0.001,0.0,0.0,0.0,-1.0
13692000,13692000,0.0037611339,0.0023006257,3.1308886e-05,0.001,0.0,0.0,0.0,-1.0
13744000,13744000,0.0037080161,0.0021426913,-6.585268e-05,0.001,0.0,0.0,0.0,-1.0
13788000,13788000,0.0035504473,0.0020359377,-6.865508e-05,0.001,0.0,0.0,0.0,-1.0
13844000,13844000,0.0035082567,0.0021738168,-2.049772e-05,0.001,0.0,0.0,0.0,-1.0
13888000,13888000,0.00367115,0.0018709048,4.7356374e-05,0.001,0.0,0.0,0.0,-1.0
13944000,13944000,0.003855598,0.0021976244,0.00011518306,0.001,0.0,0.0,0.0,-1.0
13988000,13988000,0.0035515542,0.0027267537,0.00020181791,0.001,0.0,0.0,0.0,-1.0
14044000,14044000,0.0039129495,0.002404607,-6.951079e-05,0.001,0.0,0.0,0.0,-1.0
14092000,14092000,0.0038734318,0.0021818918,9.9536126e-05,0.001,0.0,0.0,0.0,-1.0
14140000,14140000,0.0035906052,0.0019131547,6.6696135e-05,0.001,0.0,0.0,0.0,-1.0
14192000,14192000,0.0033196684,0.0019258151,0.00021072784,0.001,0.0,0.0,0.0,-1.0
14240000,14240000,0.0037963034,0.0019010381,0.00050598005,0.001,0.0,0.0,0.0,-1.0
14288000,14288000,0.0033875045,0.0023676457,-4.491184e-06,0.001,0.0,0.0,0.0,-1.0
14344000,14344000,0.0034868226,0.0019990047,0.00035118958,0.001,0.0,0.0,0.0,-1.0
14392000,14392000,0.0039031492,0.0021266013,0.00023440034,0.001,0.0,0.0,0.0,-1.0
14440000,14440000,0.0038764067,0.00244248,0.00010230794,0.001,0.0,0.0,0.0,-1.0
14488000,14488000,0.0035860531,0.0022890822,3.5994057e-05,0.001,0.0,0.0,0.0,-1.0
14540000,14540000,0.003127499,0.0026811222,0.00043322687,0.001,0.0,0.0,0.0,-1.0
14592000,14592000,0.0035385443,0.0020115275,-2.256646e-05,0.001,0.0,0.0,0.0,-1.0
14644000,14644000,0.003470823,0.0019747799,-0.00021433015,0.001,0.0,0.0,0.0,-1.0
14688000,14688000,0.0034292527,0.002414749,-7.8270015e-05,0.001,0.0,0.0,0.0,-1.0
14744000,14744000,0.0034608406,0.0020538277,-0.000119430246,0.001,0.0,0.0,0.0,-1.0
14788000,14788000,0.00313034,0.0022354608,-0.00024052698,0.001,0.0,0.0,0.0,-1.0
14844000,14844000,0.0034883104,0.0021080652,-2.8379474e-05,0.001,0.0,0.0,0.0,-1.0
14888000,14888000,0.0032859438,0.0019541248,8.232086e-05,0.001,0.0,0.0,0.0,-1.0
14940000,14940000,0.0035169485,0.002042224,-0.00023567362,0.001,0.0,0.0,0.0,-1.0
14992000,14992000,0.0035857994,0.0022377532,0.00021098713,0.001,0.0,0.0,0.0,-1.0
15044000,15044000,0.0035374635,0.0022335267,-5.803609e-05,0.001,0.0,0.0,0.0,-1.0
15092000,15092000,0.0033085844,0.0019542691,0.00028769494,0.001,0.0,0.0,0.0,-1.0
15144000,15144000,0.0030322566,0.0020208545,0.0002708194,0.001,0.0,0.0,0.0,-1.0
15188000,15188000,0.0035305307,0.0020356025,-5.6720164e-05,0.001,0.0,0.0,0.0,-1.0
15244000,15244000,0.0034984078,0.002249148,7.292707e-05,0.001,0.0,0.0,0.0,-1.0
15288000,15288000,0.0035622013,0.0022228314,0.000104067316,0.001,0.0,0.0,0.0,-1.0
15340000,15340000,0.0037483783,0.002294964,7.657441e-05,0.001,0.0,0.0,0.0,-1.0
15388000,15388000,0.003412458,0.0019538226,0.0003045782,0.001,0.0,0.0,0.0,-1.0
15444000,15444000,0.0033836842,0.0023657724,-2.5758378e-05,0.001,0.0,0.0,0.0,-1.0
15492000,15492000,0.003718537,0.0017819492,-0.0001225481,0.001,0.0,0.0,0.0,-1.0
15540000,15540000,0.0036279464,0.002109388,-0.00012304974,0.001,0.0,0.0,0.0,-1.0
15592000,15592000,0.0034548729,0.0017063649,0.00016153992,0.001,0.0,0.0,0.0,-1.0
15640000,15640000,0.003620118,0.0019636666,5.4320775e-05,0.001,0.0,0.0,0.0,-1.0
15688000,15688000,0.0038195578,0.001973533,0.0003314266,0.001,0.0,0.0,0.0,-1.0
15740000,15740000,0.0040006847,0.00201933,3.7402508e-05,0.001,0.0,0.0,0.0,-1.0
15792000,15792000,0.0036265065,0.001503315,0.00022659228,0.001,0.0,0.0,0.0,-1.0
15840000,15840000,0.0035323873,0.0018027883,7.413744e-06,0.001,0.0,0.0,0.0,-1.0
15888000,15888000,0.0033249294,0.0018673205,0.00051610696,0.001,0.0,0.0,0.0,-1.0
15944000,15944000,0.0037766965,0.0017291106,7.1113776e-05,0.001,0.0,0.0,0.0,-1.0
15988000,15988000,0.003952415,0.0017559694,2.8568194e-05,0.001,0.0,0.0,0.0,-1.0
16040000,16040000,0.0037020189,0.0016819241,-1.2800744e-05,0.001,0.0,0.0,0.0,-1.0
16092000,16092000,0.0034692117,0.001844442,3.954845e-05,0.001,0.0,0.0,0.0,-1.0
16140000,16140000,0.0037666631,0.0016907109,-3.4026634e-05,0.001,0.0,0.0,0.0,-1.0
16188000,16188000,0.003732485,0.0016209879,0.0001759033,0.001,0.0,0.0,0.0,-1.0
16244000,16244000,0.003589138,0.0017792783,9.30287e-05,0.001,0.0,0.0,0.0,-1.0
16292000,16292000,0.0037908792,0.0018472177,0.0001718453,0.001,0.0,0.0,0.0,-1.0
16344000,16344000,0.0034707931,0.0017232018,0.00041194103,0.001,0.0,0.0,0.0,-1.0
16392000,16392000,0.003452458,0.0016922241,-9.178326e-05,0.001,0.0,0.0,0.0,-1.0
16440000,16440000,0.0036059706,0.0023002466,-0.00015090678,0.001,0.0,0.0,0.0,-1.0
16492000,16492000,0.003630484,0.0016955012,-0.00020012712,0.001,0.0,0.0,0.0,-1.0
16540000,16540000,0.0035918106,0.0016878144,2.085728e-05,0.001,0.0,0.0,0.0,-1.0
16588000,16588000,0.0035502655,0.0020679994,-1.0132266e-05,0.001,0.0,0.0,0.0,-1.0
16640000,16640000,0.003912755,0.0017252403,0.0001959385,0.001,0.0,0.0,0.0,-1.0
16692000,16692000,0.0040404773,0.0016329995,0.00013971508,0.001,0.0,0.0,0.0,-1.0
16740000,16740000,0.0033368147,0.0021325648,-0.00022569775,0.001,0.0,0.0,0.0,-1.0
16788000,16788000,0.0033902468,0.001597325,8.099506e-05,0.001,0.0,0.0,0.0,-1.0
16844000,16844000,0.0037936608,0.0018306893,0.00018575281,0.001,0.0,0.0,0.0,-1.0
16892000,16892000,0.0034022895,0.002232359,-0.00025843966,0.001,0.0,0.0,0.0,-1.0
16940000,16940000,0.0036612144,0.0018257363,1.7013966e-05,0.001,0.0,0.0,0.0,-1.0
16988000,16988000,0.0037548633,0.001792117,-0.00036767285,0.001,0.0,0.0,0.0,-1.0
17044000,17044000,0.0031500766,0.0018228423,0.00010257452,0.001,0.0,0.0,0.0,-1.0
17092000,17092000,0.0034921833,0.0015683522,6.4197484e-05,0.001,0.0,0.0,0.0,-1.0
17140000,17140000,0.0037891238,0.0017811076,-1.0924076e-05,0.001,0.0,0.0,0.0,-1.0
17192000,17192000,0.0032569328,0.0016091224,1.5532778e-05,0.001,0.0,0.0,0.0,-1.0
17240000,17240000,0.003508664,0.0017458915,-0.0001921239,0.001,0.0,0.0,0.0,-1.0
17288000,17288000,0.0035875684,0.0015078632,0.00013749523,0.001,0.0,0.0,0.0,-1.0
17340000,17340000,0.0030669076,0.001414329,3.551082e-05,0.001,0.0,0.0,0.0,-1.0
17388000,17388000,0.0032805817,0.001645051,0.00020261004,0.001,0.0,0.0,0.0,-1.0
17444000,17444000,0.0032022637,0.0014767916,1.4296736e-05,0.001,0.0,0.0,0.0,-1.0
17488000,17488000,0.0033302053,0.0012613996,-2.2476888e-05,0.001,0.0,0.0,0.0,-1.0
17540000,17540000,0.0036261103,0.0019408483,6.72439e-05,0.001,0.0,0.0,0.0,-1.0
17588000,17588000,0.0034627775,0.001465064,0.0001695275,0.001,0.0,0.0,0.0,-1.0
17644000,17644000,0.0031330392,0.0019194231,0.0001278399,0.001,0.0,0.0,0.0,-1.0
17688000,17688000,0.0034806854,0.0015352134,-7.1331044e-05,0.001,0.0,0.0,0.0,-1.0
17740000,17740000,0.0037750863,0.0016033271,7.6561584e-05,0.001,0.0,0.0,0.0,-1.0
17792000,17792000,0.0037404385,0.0007756727,6.671259e-05,0.001,0.0,0.0,0.0,-1.0
17844000,17844000,0.0033261562,0.0017475319,0.000522901,0.001,0.0,0.0,0.0,-1.0
17888000,17888000,0.003888141,0.0014116662,-0.00021758616,0.001,0.0,0.0,0.0,-1.0
17944000,17944000,0.0037098103,0.0012879883,0.000124745,0.001,0.0,0.0,0.0,-1.0
17988000,17988000,0.0034338038,0.0015440233,0.00014692635,0.001,0.0,0.0,0.0,-1.0
18040000,18040000,0.0036033345,0.0015991214,-7.352895e-05,0.001,0.0,0.0,0.0,-1.0
18088000,18088000,0.0033119714,0.0012025676,4.0735144e-05,0.001,0.0,0.0,0.0,-1.0
18140000,18140000,0.0033013101,0.0012883347,-1.578157e-05,0.001,0.0,0.0,0.0,-1.0
18192000,18192000,0.0035677021,0.0014192319,-3.9857814e-06,0.001,0.0,0.0,0.0,-1.0
18244000,18244000,0.0035091669,0.0017498942,0.00015959446,0.001,0.0,0.0,0.0,-1.0
18292000,18292000,0.0035489397,0.0017696015,-2.4472888e-06,0.001,0.0,0.0,0.0,-1.0
18344000,18344000,0.0034964888,0.0015763575,5.4679265e-05,0.001,0.0,0.0,0.0,-1.0
18392000,18392000,0.0036996596,0.0013172679,5.701584e-05,0.001,0.0,0.0,0.0,-1.0
18444000,18444000,0.003560292,0.0017563163,8.1587765e-05,0.001,0.0,0.0,0.0,-1.0
18488000,18488000,0.003405263,0.0016448873,2.2189311e-05,0.001,0.0,0.0,0.0,-1.0
18540000,18540000,0.0031464156,0.00156258,0.00012324342,0.001,0.0,0.0,0.0,-1.0
18588000,18588000,0.0034713773,0.0018911655,0.00011231443,0.001,0.0,0.0,0.0,-1.0
18640000,18640000,0.003309844,0.0016796499,0.00011119995,0.001,0.0,0.0,0.0,-1.0
18692000,18692000,0.003430747,0.0014956237,0.00035333948,0.001,0.0,0.0,0.0,-1.0
18740000,18740000,0.003440023,0.001463453,9.81659e-05,0.001,0.0,0.0,0.0,-1.0
18788000,18788000,0.0031956725,0.0018974305,-4.5105116e-07,0.001,0.0,0.0,0.0,-1.0
18844000,18844000,0.0025884137,0.0015263084,-2.4989602e-05,0.001,0.0,0.0,0.0,-1.0
18888000,18888000,0.0034966057,0.0018115405,0.00028442705,0.001,0.0,0.0,0.0,-1.0
18944000,18944000,0.003277295,0.0013526133,0.00038282922,0.001,0.0,0.0,0.0,-1.0
18992000,18992000,0.0031858156,0.0018597789,6.6550805e-05,0.001,0.0,0.0,0.0,-1.0
19040000,19040000,0.0036377083,0.0019369493,8.940342e-06,0.001,0.0,0.0,0.0,-1.0
19092000,19092000,0.0035923154,0.0015685346,0.00027354967,0.001,0.0,0.0,0.0,-1.0
19144000,19144000,0.0035509337,0.0013847535,0.00014706083,0.001,0.0,0.0,0.0,-1.0
19188000,19188000,0.003025618,0.0012264301,8.6450775e-05,0.001,0.0,0.0,0.0,-1.0
19240000,19240000,0.0034261849,0.0011747886,0.0002274161,0.001,0.0,0.0,0.0,-1.0
19292000,19292000,0.0036098263,0.0016422165,0.00017866972,0.001,0.0,0.0,0.0,-1.0
19340000,19340000,0.0033289928,0.0016276108,0.00014790897,0.001,0.0,0.0,0.0,-1.0
19388000,19388000,0.003411174,0.0016605617,-0.00018733049,0.001,0.0,0.0,0.0,-1.0
19440000,19440000,0.0031673622,0.0014465234,7.9499434e-05,0.001,0.0,0.0,0.0,-1.0
19492000,19492000,0.0030344361,0.00132392,-0.0001371773,0.001,0.0,0.0,0.0,-1.0
19540000,19540000,0.0030073351,0.001354885,3.7400783e-05,0.001,0.0,0.0,0.0,-1.0
19588000,19588000,0.0032723988,0.0015665482,0.00015070956,0.001,0.0,0.0,0.0,-1.0
19644000,19644000,0.0036838294,0.0007617157,3.9722207e-05,0.001,0.0,0.0,0.0,-1.0
19688000,19688000,0.0032926782,0.0013013479,-7.9721205e-05,0.001,0.0,0.0,0.0,-1.0
19744000,19744000,0.0033546682,0.0020562962,1.6757875e-05,0.001,0.0,0.0,0.0,-1.0
19788000,19788000,0.002771441,0.0014920301,0.00040918097,0.001,0.0,0.0,0.0,-1.0
19844000,19844000,0.0031616827,0.001723715,0.0002624164,0.001,0.0,0.0,0.0,-1.0
19892000,19892000,0.0033194914,0.0014555376,5.6441826e-05,0.001,0.0,0.0,0.0,-1.0
19944000,19944000,0.003634419,0.0015291624,-0.00019014257,0.001,0.0,0.0,0.0,-1.0
19988000,19988000,0.0030081645,0.0011539888,0.00010252614,0.001,0.0,0.0,0.0,-1.0
20044000,20044000,0.0033874249,0.0011335895,-0.00021633695,0.001,0.0,0.0,0.0,-1.0
20092000,20092000,0.0032815468,0.001048304,0.00013368907,0.001,0.0,0.0,0.0,-1.0
20140000,20140000,0.0030483252,0.0015821598,6.656243e-05,0.001,0.0,0.0,0.0,-1.0
20192000,20192000,0.002609152,0.0015115804,0.00027621174,0.001,0.0,0.0,0.0,-1.0
20244000,20244000,0.0031277055,0.0012246879,-0.00026742803,0.001,0.0,0.0,0.0,-1.0
20292000,20292000,0.002960939,0.0013960734,0.00017271895,0.001,0.0,0.0,0.0,-1.0
20344000,20344000,0.0034422919,0.0013236636,0.00019564466,0.001,0.0,0.0,0.0,-1.0
20392000,20392000,0.0031101166,0.0015576762,-0.00014733871,0.001,0.0,0.0,0.0,-1.0
20440000,20440000,0.0035168729,0.0017533593,0.00021008812,0.001,0.0,0.0,0.0,-1.0
20488000,20488000,0.0029633301,0.0010443208,-0.00011934621,0.001,0.0,0.0,0.0,-1.0
20544000,20544000,0.0035910928,0.0014613359,5.7385776e-05,0.001,0.0,0.0,0.0,-1.0
20592000,20592000,0.0032522466,0.0016559918,6.88375e-05,0.001,0.0,0.0,0.0,-1.0
20644000,20644000,0.0028713306,0.001643258,-0.00012146204,0.001,0.0,0.0,0.0,-1.0
20688000,20688000,0.0034626133,0.0009290223,0.0004913045,0.001,0.0,0.0,0.0,-1.0
20744000,20744000,0.0035798273,0.0012114446,0.00048152736,0.001,0.0,0.0,0.0,-1.0
20792000,20792000,0.0037201287,0.0014526442,8.883105e-05,0.001,0.0,0.0,0.0,-1.0
20844000,20844000,0.003355524,0.0015467827,-5.6252135e-05,0.001,0.0,0.0,0.0,-1.0
20888000,20888000,0.0030755568,0.0015730741,-9.5126445e-05,0.001,0.0,0.0,0.0,-1.0
20944000,20944000,0.0032464173,0.0011197921,0.00023753905,0.001,0.0,0.0,0.0,-1.0
20988000,20988000,0.0029270407,0.0015095178,0.00014616238,0.001,0.0,0.0,0.0,-1.0
21044000,21044000,0.0029231198,0.0011071813,-0.00013933108,0.001,0.0,0.0,0.0,-1.0
21092000,21092000,0.003119644,0.0011200745,0.000104064406,0.001,0.0,0.0,0.0,-1.0
21144000,21144000,0.0031209001,0.0013118128,9.516205e-05,0.001,0.0,0.0,0.0,-1.0
21192000,21192000,0.003343206,0.0010986115,0.000121797915,0.001,0.0,0.0,0.0,-1.0
21240000,21240000,0.0030992867,0.0011755147,0.00024269975,0.001,0.0,0.0,0.0,-1.0
21292000,21292000,0.0027598627,0.0012050065,0.00013405374,0.001,0.0,0.0,0.0,-1.0
21344000,21344000,0.0033938568,0.0011426962,0.00046745525,0.001,0.0,0.0,0.0,-1.0
21392000,21392000,0.0026268265,0.0012750771,-6.6008484e-05,0.001,0.0,0.0,0.0,-1.0
21444000,21444000,0.0032138668,0.0013385469,0.00019355766,0.001,0.0,0.0,0.0,-1.0
21492000,21492000,0.0028207188,0.00089051534,1.8024977e-05,0.001,0.0,0.0,0.0,-1.0
21544000,21544000,0.0027532827,0.0012773321,0.00014113732,0.001,0.0,0.0,0.0,-1.0
21588000,21588000,0.0027976416,0.001163149,9.572638e-05,0.001,0.0,0.0,0.0,-1.0
21640000,21640000,0.0033179033,0.0019075793,4.7610487e-05,0.001,0.0,0.0,0.0,-1.0
21692000,21692000,0.0034148032,0.0016999567,-6.8565016e-05,0.001,0.0,0.0,0.0,-1.0
21740000,21740000,0.0031176447,0.0012784278,4.809929e-05,0.001,0.0,0.0,0.0,-1.0
21788000,21788000,0.0033203503,0.0012433373,9.421166e-06,0.001,0.0,0.0,0.0,-1.0
21840000,21840000,0.002967343,0.0011071676,3.719539e-05,0.001,0.0,0.0,0.0,-1.0
21888000,21888000,0.0032819477,0.0011745748,0.00016973545,0.001,0.0,0.0,0.0,-1.0
21940000,21940000,0.0033067835,0.0015155629,-0.00019307104,0.001,0.0,0.0,0.0,-1.0
21992000,21992000,0.002915863,0.001150108,0.00016020045,0.001,0.0,0.0,0.0,-1.0
22044000,22044000,0.0027835586,0.0014164238,-0.00022039737,0.001,0.0,0.0,0.0,-1.0
22088000,22088000,0.0029385097,0.0015269368,2.631692e-05,0.001,0.0,0.0,0.0,-1.0
22140000,22140000,0.0033058403,0.0012167459,-0.00013425497,0.001,0.0,0.0,0.0,-1.0
22188000,22188000,0.0025009613,0.0017796685,0.0002235851,0.001,0.0,0.0,0.0,-1.0
22244000,22244000,0.0029395698,0.0014223037,4.0908682e-05,0.001,0.0,0.0,0.0,-1.0
22288000,22288000,0.0029262847,0.0015783915,-0.00019443726,0.001,0.0,0.0,0.0,-1.0
22340000,22340000,0.0031408316,0.0011945289,-0.0002309298,0.001,0.0,0.0,0.0,-1.0
22392000,22392000,0.003190477,0.0014642297,-0.00011785924,0.001,0.0,0.0,0.0,-1.0
22444000,22444000,0.0030054646,0.0016605603,2.4688488e-06,0.001,0.0,0.0,0.0,-1.0
22488000,22488000,0.0027393834,0.0016270933,0.00017386663,0.001,0.0,0.0,0.0,-1.0
22540000,22540000,0.003159449,0.0016969695,7.1411734e-05,0.001,0.0,0.0,0.0,-1.0
22592000,22592000,0.0032201847,0.0013678549,0.00034578945,0.001,0.0,0.0,0.0,-1.0
22644000,22644000,0.0032765828,0.001658428,-0.00015309067,0.001,0.0,0.0,0.0,-1.0
22688000,22688000,0.0032881275,0.0013444378,-0.00013698473,0.001,0.0,0.0,0.0,-1.0
22744000,22744000,0.0033574307,0.0012465648,5.1783525e-05,0.001,0.0,0.0,0.0,-1.0
22792000,22792000,0.0029084217,0.0014330745,0.00014538373,0.001,0.0,0.0,0.0,-1.0
22840000,22840000,0.003202834,0.0018294487,0.00072564546,0.001,0.0,0.0,0.0,-1.0
22892000,22892000,0.0033045441,0.0017544384,7.849388e-05,0.001,0.0,0.0,0.0,-1.0
22944000,22944000,0.0032329075,0.0011627446,0.00021865142,0.001,0.0,0.0,0.0,-1.0
22988000,22988000,0.0029948223,0.0015845207,-0.00027042362,0.001,0.0,0.0,0.0,-1.0
23040000,23040000,0.0030870643,0.0018347995,-0.00014528068,0.001,0.0,0.0,0.0,-1.0
23088000,23088000,0.0033881161,0.0016674064,-0.00016511287,0.001,0.0,0.0,0.0,-1.0
23144000,23144000,0.0031856578,0.0016635791,-0.00011021263,0.001,0.0,0.0,0.0,-1.0
23192000,23192000,0.0031990993,0.0015381975,3.6664842e-05,0.001,0.0,0.0,0.0,-1.0
23240000,23240000,0.0032592404,0.0011885043,0.00018562742,0.001,0.0,0.0,0.0,-1.0
23292000,23292000,0.0028867421,0.0016257364,4.7077614e-05,0.001,0.0,0.0,0.0,-1.0
23340000,23340000,0.0030388588,0.001869054,-0.00023666098,0.001,0.0,0.0,0.0,-1.0
23388000,23388000,0.0028686365,0.0016297067,9.314429e-05,0.001,0.0,0.0,0.0,-1.0
23444000,23444000,0.0031574187,0.0015435705,-5.8278314e-05,0.001,0.0,0.0,0.0,-1.0
23488000,23488000,0.0027807222,0.001596308,0.00011693713,0.001,0.0,0.0,0.0,-1.0
23544000,23544000,0.0034421356,0.0018725834,-4.8845308e-05,0.001,0.0,0.0,0.0,-1.0
23588000,23588000,0.0029763442,0.00132444,0.00028310728,0.001,0.0,0.0,0.0,-1.0
23640000,23640000,0.0032593159,0.0014651093,7.975776e-05,0.001,0.0,0.0,0.0,-1.0
23688000,23688000,0.0034200526,0.0014385787,0.0002524951,0.001,0.0,0.0,0.0,-1.0
23740000,23740000,0.0026397936,0.0011167645,-0.00049733854,0.001,0.0,0.0,0.0,-1.0
23788000,23788000,0.0031382497,0.0013523964,0.00013909016,0.001,0.0,0.0,0.0,-1.0
23844000,23844000,0.0033676259,0.0012879797,4.719732e-05,0.001,0.0,0.0,0.0,-1.0
23892000,23892000,0.00310177,0.0012304797,7.4790776e-05,0.001,0.0,0.0,0.0,-1.0
23944000,23944000,0.0027535837,0.0014622604,0.00035840346,0.001,0.0,0.0,0.0,-1.0
23988000,23988000,0.0033790777,0.0013294967,0.00010527684,0.001,0.0,0.0,0.0,-1.0
24040000,24040000,0.0029762674,0.001365874,-0.0002561626,0.001,0.0,0.0,0.0,-1.0
24092000,24092000,0.003112905,0.0014654424,-0.00027938085,0.001,0.0,0.0,0.0,-1.0
24140000,24140000,0.003180983,0.0015828797,0.00032074822,0.001,0.0,0.0,0.0,-1.0
24192000,24192000,0.0033671942,0.0014926646,0.00012179408,0.001,0.0,0.0,0.0,-1.0
24244000,24244000,0.003353504,0.0011816646,8.905486e-05,0.001,0.0,0.0,0.0,-1.0
24292000,24292000,0.0030096825,0.0016228406,0.000269958,0.001,0.0,0.0,0.0,-1.0
24340000,24340000,0.002746058,0.0010456713,-1.0025411e-05,0.001,0.0,0.0,0.0,-1.0
24388000,24388000,0.0032814604,0.0011712876,1.5655285e-05,0.001,0.0,0.0,0.0,-1.0
24440000,24440000,0.00332604,0.0015826349,0.00013293508,0.001,0.0,0.0,0.0,-1.0
24488000,24488000,0.0027167483,0.0016416644,0.00020147549,0.001,0.0,0.0,0.0,-1.0
24544000,24544000,0.003311285,0.0010883127,0.00012906796,0.001,0.0,0.0,0.0,-1.0
24592000,24592000,0.0033208698,0.0012176275,9.359883e-05,0.001,0.0,0.0,0.0,-1.0
24640000,24640000,0.003035503,0.0015994003,-7.573305e-05,0.001,0.0,0.0,0.0,-1.0
24692000,24692000,0.003281151,0.0015762075,-4.3006927e-05,0.001,0.0,0.0,0.0,-1.0
24740000,24740000,0.0034223613,0.0016228835,-0.00024171965,0.001,0.0,0.0,0.0,-1.0
24788000,24788000,0.0028879035,0.0013864037,0.00018290027,0.001,0.0,0.0,0.0,-1.0
24844000,24844000,0.0033512649,0.0012745352,-0.00019603758,0.001,0.0,0.0,0.0,-1.0
24892000,24892000,0.0029189037,0.0014581137,5.9107628e-05,0.001,0.0,0.0,0.0,-1.0
24944000,24944000,0.0034533357,0.0014994944,0.00022725726,0.001,0.0,0.0,0.0,-1.0
24988000,24988000,0.0031396847,0.0014198564,4.6529956e-05,0.001,0.0,0.0,0.0,-1.0
25044000,25044000,0.0028324993,0.0017372334,-0.00017702855,0.001,0.0,0.0,0.0,-1.0
25088000,25088000,0.0027334695,0.0016202026,1.8681885e-05,0.001,0.0,0.0,0.0,-1.0
25144000,25144000,0.003162102,0.0010650512,0.0001436102,0.001,0.0,0.0,0.0,-1.0
25192000,25192000,0.0027831267,0.0018016452,5.000293e-05,0.001,0.0,0.0,0.0,-1.0
25244000,25244000,0.0030265648,0.0015563181,4.6610374e-05,0.001,0.0,0.0,0.0,-1.0
25288000,25288000,0.0034507404,0.0014245061,7.6175697e-06,0.001,0.0,0.0,0.0,-1.0
25344000,25344000,0.002863311,0.0009519364,0.00012457742,0.001,0.0,0.0,0.0,-1.0
25392000,25392000,0.0028772408,0.0017915566,-2.8473476e-05,0.001,0.0,0.0,0.0,-1.0
25444000,25444000,0.002908007,0.0017166847,-9.472727e-06,0.001,0.0,0.0,0.0,-1.0
25492000,25492000,0.0026530146,0.0014298403,-0.00018614475,0.001,0.0,0.0,0.0,-1.0
25544000,25544000,0.0028366493,0.0019214456,0.0001739371,0.001,0.0,0.0,0.0,-1.0
25592000,25592000,0.0031154128,0.0015745119,-0.00014748031,0.001,0.0,0.0,0.0,-1.0
25640000,25640000,0.0031012115,0.0013885008,0.00016351508,0.001,0.0,0.0,0.0,-1.0
25688000,25688000,0.00324746,0.0017541316,0.00026054078,0.001,0.0,0.0,0.0,-1.0
25744000,25744000,0.0028836655,0.0018248553,0.00033709846,0.001,0.0,0.0,0.0,-1.0
25792000,25792000,0.0033511634,0.00174828,0.000289963,0.001,0.0,0.0,0.0,-1.0
25844000,25844000,0.0031643268,0.0014710475,-0.00011388661,0.001,0.0,0.0,0.0,-1.0
25892000,25892000,0.0033922065,0.0016444406,0.0003483066,0.001,0.0,0.0,0.0,-1.0
25944000,25944000,0.0027962874,0.0012357306,0.00016861815,0.001,0.0,0.0,0.0,-1.0
25992000,25992000,0.0033710415,0.0015436929,5.1187817e-05,0.001,0.0,0.0,0.0,-1.0
26044000,26044000,0.0015017645,-0.00078152854,-3.5514154e-06,0.038209908,0.0,0.0,0.0,-1.0
26088000,26088000,0.0014121204,-0.0011225401,9.566687e-05,0.049522407,0.0,0.0,0.0,-1.0
26140000,26140000,0.0016930125,-0.0012399605,-6.31569e-05,0.06562304,0.0,0.0,0.0,-1.0
26192000,26192000,0.0016924652,-0.0013740702,-4.6238354e-05,0.079931036,0.0,0.0,0.0,-1.0
26240000,26240000,0.002104604,-0.0013810673,-5.235159e-05,0.09462758,0.0,0.0,0.0,-1.0
26292000,26292000,0.0020543952,-0.000962805,0.00016942553,0.1122255,0.0,0.0,0.0,-1.0
26344000,26344000,0.0018353671,-0.0010627975,0.00024338435,0.12789756,0.0,0.0,0.0,-1.0
26392000,26392000,0.001695815,-0.0012420872,-1.5401629e-05,0.14354876,0.0,0.0,0.0,-1.0
26440000,26440000,0.00201652,-0.00096627715,-5.3274107e-05,0.1594112,0.0,0.0,0.0,-1.0
26492000,26492000,0.0022812102,-0.0011707031,8.7689325e-05,0.17813659,0.0,0.0,0.0,-1.0
26540000,26540000,0.002733573,-0.0017150395,-0.00014227233,0.19471496,0.0,0.0,0.0,-1.0
26592000,26592000,0.0038957149,-0.0015457626,0.00020799073,0.21158351,0.0,0.0,0.0,-1.0
26644000,26644000,0.003972773,-0.0017421336,5.95791e-06,0.23168321,0.0,0.0,0.0,-1.0
26692000,26692000,0.0048190504,-0.002078343,0.00018286108,0.24922214,0.0,0.0,0.0,-1.0
26740000,26740000,0.005213986,-0.0026172616,0.00031484,0.26710847,0.0,0.0,0.0,-1.0
26792000,26792000,0.0055373055,-0.0034458719,-3.7510712e-05,0.28524873,0.0,0.0,0.0,-1.0
26844000,26844000,0.0060180263,-0.0032090931,-7.902745e-07,0.30690244,0.0,0.0,0.0,-1.0
26892000,26892000,0.0062522707,-0.0037033686,-0.00017251786,0.32562009,0.0,0.0,0.0,-1.0
26944000,26944000,0.0063905288,-0.0038195895,-0.000109622706,0.3447599,0.0,0.0,0.0,-1.0
26988000,26988000,0.0072705033,-0.0047871065,3.55977e-05,0.36431074,0.0,0.0,0.0,-1.0
27044000,27044000,0.0057412656,0.0027656725,0.00028628652,0.3866129,0.0,0.0,0.0,-1.0
27088000,27088000,-0.0029647634,0.0095609445,0.00049330917,0.38891363,0.0,0.0,0.0,-1.0
27140000,27140000,-0.0018036835,0.007448513,-7.949057e-05,0.3882572,0.0,0.0,0.0,-1.0
27192000,27192000,-0.0024193747,0.007346101,-0.00024253008,0.38617367,0.0,0.0,0.0,-1.0
27240000,27240000,-0.0007817948,0.005568545,-0.00011440529,0.38694355,0.0,0.0,0.0,-1.0
27288000,27288000,0.00018061185,0.004562557,0.00012164248,0.38591507,0.0,0.0,0.0,-1.0
27340000,27340000,0.0016204402,0.004415588,-0.00015804128,0.38735923,0.0,0.0,0.0,-1.0
27388000,27388000,0.001061406,0.0038563705,-0.0001070091,0.38646263,0.0,0.0,0.0,-1.0
27440000,27440000,0.0012027775,0.0048975395,-0.00044403,0.38697255,0.0,0.0,0.0,-1.0
27492000,27492000,0.0010218427,0.0045196903,-0.00022595807,0.38608614,0.0,0.0,0.0,-1.0
27544000,27544000,0.0001233346,0.0050862883,-0.00020697675,0.38872218,0.0,0.0,0.0,-1.0
27592000,27592000,-0.00012368246,0.0050653866,-7.1119546e-05,0.3890067,0.0,0.0,0.0,-1.0
27640000,27640000,0.00050572,0.0057515316,0.0004515715,0.38909748,0.0,0.0,0.0,-1.0
27692000,27692000,-0.00057795073,0.0054333787,-0.00011172713,0.47443494,0.0,0.0,0.0,-1.0
27744000,27744000,0.00094669283,0.0070791077,-0.0002579953,0.41728437,0.0,0.0,0.0,-1.0
27788000,27788000,0.0012631861,0.005039965,-0.00015417779,0.3901823,0.0,0.0,0.0,-1.0
27844000,27844000,0.0006630845,0.005239066,7.684344e-05,0.3781569,0.0,0.0,0.0,-1.0
27888000,27888000,0.00072336115,0.0043335306,-7.782149e-05,0.37742078,0.0,0.0,0.0,-1.0
27944000,27944000,0.00037471164,0.004773931,7.932572e-05,0.37893885,0.0,0.0,0.0,-1.0
27992000,27992000,0.00037302487,0.004688461,2.0823265e-05,0.3799821,0.0,0.0,0.0,-1.0
28040000,28040000,3.5117366e-05,0.0053934446,-8.347396e-05,0.3787242,0.0,0.0,0.0,-1.0
28088000,28088000,3.9277118e-05,0.005133083,0.0004056325,0.378048,0.0,0.0,0.0,-1.0
28140000,28140000,0.0005323201,0.004982329,-0.00013014104,0.37824598,0.0,0.0,0.0,-1.0
28188000,28188000,0.0002956597,0.0050668814,1.00266425e-05,0.37856168,0.0,0.0,0.0,-1.0
28244000,28244000,0.0010185845,0.005125291,0.00011815257,0.3791774,0.0,0.0,0.0,-1.0
28292000,28292000,5.51102e-05,0.005210361,-0.00014923856,0.37939492,0.0,0.0,0.0,-1.0
28344000,28344000,0.00016843481,0.005105451,1.7442318e-05,0.3795222,0.0,0.0,0.0,-1.0
28392000,28392000,-7.207692e-05,0.004748195,0.0001104277,0.37985325,0.0,0.0,0.0,-1.0
28444000,28444000,0.0006355438,0.006022235,0.00018850932,0.37945142,0.0,0.0,0.0,-1.0
28488000,28488000,0.0008760266,0.0052478528,-9.501344e-06,0.37925002,0.0,0.0,0.0,-1.0
28544000,28544000,4.2461645e-05,0.0052493545,-0.0002198621,0.37943265,0.0,0.0,0.0,-1.0
28592000,28592000,0.00030361244,0.0050459006,0.00016133922,0.37948528,0.0,0.0,0.0,-1.0
28640000,28640000,0.00024342025,0.005284454,-8.513427e-05,0.37971544,0.0,0.0,0.0,-1.0
28688000,28688000,0.00024509692,0.0050764335,-1.4989839e-05,0.37999958,0.0,0.0,0.0,-1.0
28744000,28744000,0.00040305246,0.0058164434,-8.700756e-05,0.38023177,0.0,0.0,0.0,-1.0
28788000,28788000,-7.443939e-05,0.005414366,-0.00045303925,0.3803673,0.0,0.0,0.0,-1.0
28844000,28844000,0.0004956984,0.0059435545,9.047395e-05,0.37983704,0.0,0.0,0.0,-1.0
28888000,28888000,0.00014498124,0.005743006,0.0002115374,0.3796212,0.0,0.0,0.0,-1.0
28944000,28944000,0.00034955685,0.0047965255,-5.4857075e-05,0.37973338,0.0,0.0,0.0,-1.0
28988000,28988000,-0.00016256188,0.0051984596,0.00019953681,0.37990078,0.0,0.0,0.0,-1.0
29044000,29044000,0.00031077088,0.005300846,-0.00016546267,0.38010326,0.0,0.0,0.0,-1.0
29088000,29088000,0.00037216756,0.0052474593,-0.00022699728,0.3802726,0.0,0.0,0.0,-1.0
29140000,29140000,-0.0003985321,0.004838007,0.00025831128,0.38028094,0.0,0.0,0.0,-1.0
29192000,29192000,0.00047167597,0.005085821,-6.327485e-05,0.38023224,0.0,0.0,0.0,-1.0
29244000,29244000,0.0005579695,0.0052194097,-6.518146e-05,0.37971914,0.0,0.0,0.0,-1.0
29292000,29292000,0.00017352635,0.0055324794,-7.922579e-05,0.3795218,0.0,0.0,0.0,-1.0
29344000,29344000,0.0002593432,0.0055567054,-9.422401e-05,0.37943882,0.0,0.0,0.0,-1.0
29388000,29388000,0.00024947734,0.004727695,-0.0001765015,0.37961203,0.0,0.0,0.0,-1.0
29440000,29440000,0.0005853875,0.0054752845,-0.00013565639,0.37979513,0.0,0.0,0.0,-1.0
29492000,29492000,0.00010947398,0.005203213,-0.000104677,0.38001394,0.0,0.0,0.0,-1.0
29544000,29544000,0.0005675302,0.0056073186,3.8785292e-06,0.38003442,0.0,0.0,0.0,-1.0
29592000,29592000,-7.2499097e-07,0.005653719,-0.00031270616,0.38018876,0.0,0.0,0.0,-1.0
29640000,29640000,0.000347112,0.0057973964,-5.3571704e-05,0.3793044,0.0,0.0,0.0,-1.0
29692000,29692000,0.00065514195,0.0049692173,-4.218266e-05,0.37892222,0.0,0.0,0.0,-1.0
29740000,29740000,0.00075630075,0.0053936304,5.6346016e-07,0.37897262,0.0,0.0,0.0,-1.0
29792000,29792000,-2.3830013e-05,0.0051038,1.3301554e-05,0.37927207,0.0,0.0,0.0,-1.0
29844000,29844000,0.00034659004,0.004730656,0.00025881102,0.3797082,0.0,0.0,0.0,-1.0
29888000,29888000,3.690259e-05,0.004986292,-0.00020119952,0.37989157,0.0,0.0,0.0,-1.0
29944000,29944000,0.00014534827,0.0055384804,6.435949e-06,0.3797374,0.0,0.0,0.0,-1.0
29988000,29988000,1.0739168e-06,0.0053446395,-4.372492e-05,0.37961677,0.0,0.0,0.0,-1.0
30044000,30044000,0.0004991831,0.0056195334,-0.00012893025,0.37932,0.0,0.0,0.0,-1.0
30088000,30088000,0.00026990825,0.0054007717,-7.915138e-05,0.3791831,0.0,0.0,0.0,-1.0
30144000,30144000,-0.06421295,-0.022581017,-0.007113717,0.29454264,0.0,0.0,0.0,-1.0
30192000,30192000,0.023245135,0.01916776,-0.0031181138,0.32831827,0.0,0.0,0.0,-1.0
30244000,30244000,0.03815741,0.018665744,-0.00033509984,0.3623967,0.0,0.0,0.0,-1.0
30288000,30288000,0.035248503,0.017550394,0.0006144557,0.3779448,0.0,0.0,0.0,-1.0
30344000,30344000,0.016036334,0.0064812405,0.00076061883,0.39156717,0.0,0.0,0.0,-1.0
30392000,30392000,0.0006879205,0.002958983,0.00030126286,0.39803013,0.0,0.0,0.0,-1.0
30440000,30440000,-0.0034207276,0.0047675367,0.00095749396,0.39399293,0.0,0.0,0.0,-1.0
30488000,30488000,-0.01022287,0.0034139783,0.0017582678,0.38856378,0.0,0.0,0.0,-1.0
30544000,30544000,-0.016365346,-0.0014479797,0.001787337,0.3847948,0.0,0.0,0.0,-1.0
30592000,30592000,-0.018867938,-0.0017533682,0.0014958959,0.38260293,0.0,0.0,0.0,-1.0
30644000,30644000,-0.018538427,-0.0052074525,0.0011262266,0.38085485,0.0,0.0,0.0,-1.0
30692000,30692000,-0.019143794,-0.0041986136,0.0015432151,0.3791692,0.0,0.0,0.0,-1.0
30744000,30744000,-0.018000249,-0.0077263117,0.0012481217,0.37829617,0.0,0.0,0.0,-1.0
30788000,30788000,-0.019520365,-0.006097677,0.0017078778,0.37681174,0.0,0.0,0.0,-1.0
30840000,30840000,-0.019525537,-0.009628156,0.0018938703,0.37453064,0.0,0.0,0.0,-1.0
30888000,30888000,-0.020707473,-0.00837074,0.0021428326,0.37265608,0.0,0.0,0.0,-1.0
30940000,30940000,-0.0198752,-0.010748709,0.0021327534,0.37187776,0.0,0.0,0.0,-1.0
30988000,30988000,-0.021451177,-0.009513934,0.0026885695,0.37153167,0.0,0.0,0.0,-1.0
31040000,31040000,-0.021273535,-0.011347375,0.002250962,0.37167308,0.0,0.0,0.0,-1.0
31088000,31088000,-0.02208728,-0.011424964,0.0022953707,0.37132546,0.0,0.0,0.0,-1.0
31144000,31144000,-0.02106396,-0.013781218,0.002351587,0.37152022,0.0,0.0,0.0,-1.0
31192000,31192000,-0.021300593,-0.012833156,0.0022936417,0.37136948,0.0,0.0,0.0,-1.0
31240000,31240000,-0.01870095,-0.015108448,0.0024031347,0.37133843,0.0,0.0,0.0,-1.0
31292000,31292000,-0.020734146,-0.013693968,0.0027867244,0.3708703,0.0,0.0,0.0,-1.0
31344000,31344000,-0.018650051,-0.015602102,0.0029916656,0.37124658,0.0,0.0,0.0,-1.0
31392000,31392000,-0.020598805,-0.015602394,0.0023504915,0.3713275,0.0,0.0,0.0,-1.0
31440000,31440000,-0.017882945,-0.016858751,0.0022109267,0.3716607,0.0,0.0,0.0,-1.0
31492000,31492000,-0.0193781,-0.015676435,0.0024424172,0.37162116,0.0,0.0,0.0,-1.0
31544000,31544000,-0.016379494,-0.017950278,0.0021773183,0.3721921,0.0,0.0,0.0,-1.0
31588000,31588000,-0.016376548,-0.017379696,0.0018872239,0.3721902,0.0,0.0,0.0,-1.0
31644000,31644000,-0.01350062,-0.016960455,0.0021017739,0.372315,0.0,0.0,0.0,-1.0
31692000,31692000,-0.014123211,-0.016985124,0.0019268063,0.37216878,0.0,0.0,0.0,-1.0
31744000,31744000,-0.012779822,-0.018531775,0.002043365,0.37275186,0.0,0.0,0.0,-1.0
31792000,31792000,-0.013600844,-0.01826714,0.0019576119,0.37270057,0.0,0.0,0.0,-1.0
31844000,31844000,-0.011808739,-0.018595332,0.0014969192,0.37299418,0.0,0.0,0.0,-1.0
31888000,31888000,-0.011070076,-0.019403374,0.0013345974,0.3733406,0.0,0.0,0.0,-1.0
31944000,31944000,-0.008194736,-0.019243127,0.0012501003,0.37379467,0.0,0.0,0.0,-1.0
31988000,31988000,-0.007979638,-0.019212017,0.001165722,0.37379524,0.0,0.0,0.0,-1.0
32044000,32044000,-0.004892132,-0.017988838,0.00092072156,0.3743669,0.0,0.0,0.0,-1.0
32088000,32088000,-0.0051089674,-0.018470883,0.0010429531,0.3745514,0.0,0.0,0.0,-1.0
32140000,32140000,-0.0029871683,-0.019010443,0.00090631394,0.37512162,0.0,0.0,0.0,-1.0
32188000,32188000,-0.0037619509,-0.018911656,0.00082145864,0.3749032,0.0,0.0,0.0,-1.0
32244000,32244000,-0.0015836649,-0.019301407,0.00037894765,0.37529287,0.0,0.0,0.0,-1.0
32288000,32288000,-0.0006888107,-0.01906258,0.0003557349,0.37552974,0.0,0.0,0.0,-1.0
32340000,32340000,0.002445452,-0.019093104,-0.00019757019,0.37576425,0.0,0.0,0.0,-1.0
32388000,32388000,0.0021016165,-0.017635984,-0.000374443,0.37554565,0.0,0.0,0.0,-1.0
32444000,32444000,0.004181793,-0.016886657,-0.00042137224,0.37567857,0.0,0.0,0.0,-1.0
32492000,32492000,0.0037770784,-0.017815482,-0.0006282624,0.37575796,0.0,0.0,0.0,-1.0
32544000,32544000,0.0057831947,-0.01764246,-0.00053159654,0.37610358,0.0,0.0,0.0,-1.0
32592000,32592000,0.008090521,-0.017391408,-0.0009373219,0.376452,0.0,0.0,0.0,-1.0
32644000,32644000,0.007817643,-0.01727994,-0.0011617406,0.3762536,0.0,0.0,0.0,-1.0
32692000,32692000,0.008673779,-0.017292304,-0.0013277516,0.3760525,0.0,0.0,0.0,-1.0
32740000,32740000,0.011520104,-0.016159603,-0.0016910264,0.37666026,0.0,0.0,0.0,-1.0
32792000,32792000,0.012060859,-0.015839571,-0.001194621,0.37632558,0.0,0.0,0.0,-1.0
32844000,32844000,0.014105803,-0.013173852,-0.0020295393,0.3763733,0.0,0.0,0.0,-1.0
32888000,32888000,0.014448527,-0.014922977,-0.0018148142,0.37627605,0.0,0.0,0.0,-1.0
32944000,32944000,0.016569631,-0.013563888,-0.002389765,0.37643942,0.0,0.0,0.0,-1.0
32988000,32988000,0.016124865,-0.014006415,-0.0021131919,0.37624192,0.0,0.0,0.0,-1.0
33040000,33040000,0.018423056,-0.012802863,-0.0020934143,0.37656832,0.0,0.0,0.0,-1.0
33092000,33092000,0.017159086,-0.013658275,-0.0018857794,0.3760917,0.0,0.0,0.0,-1.0
33140000,33140000,0.020315642,-0.010838609,-0.0026071642,0.37667108,0.0,0.0,0.0,-1.0
33192000,33192000,0.020118551,-0.011391576,-0.0023787487,0.37661955,0.0,0.0,0.0,-1.0
33244000,33244000,0.02070173,-0.008559699,-0.0030392958,0.37659505,0.0,0.0,0.0,-1.0
33292000,33292000,0.021732813,-0.009617463,-0.0029457086,0.37648895,0.0,0.0,0.0,-1.0
33340000,33340000,0.023869168,-0.007430514,-0.0029234807,0.37708902,0.0,0.0,0.0,-1.0
33392000,33392000,0.024454517,-0.0087278085,-0.0031117985,0.3769602,0.0,0.0,0.0,-1.0
33440000,33440000,0.02519484,-0.0071201953,-0.003161396,0.37721726,0.0,0.0,0.0,-1.0
33488000,33488000,0.025337404,-0.006771148,-0.0030993726,0.37692362,0.0,0.0,0.0,-1.0
33540000,33540000,0.026821304,-0.0043329005,-0.0032715718,0.3772462,0.0,0.0,0.0,-1.0
33592000,33592000,0.02679859,-0.004657801,-0.003423313,0.37691274,0.0,0.0,0.0,-1.0
33644000,33644000,0.026072543,-0.0026215294,-0.0034156828,0.37682503,0.0,0.0,0.0,-1.0
33692000,33692000,0.026991263,-0.0033844085,-0.0030130842,0.376503,0.0,0.0,0.0,-1.0
33744000,33744000,0.029214058,-0.00066865014,-0.0036037145,0.37725845,0.0,0.0,0.0,-1.0
33792000,33792000,0.028601527,-0.002056301,-0.0031650714,0.3770841,0.0,0.0,0.0,-1.0
33840000,33840000,0.029617408,0.00075132004,-0.0036123884,0.37745136,0.0,0.0,0.0,-1.0
33888000,33888000,0.029723113,0.0002647266,-0.0032116254,0.37726536,0.0,0.0,0.0,-1.0
33944000,33944000,0.02955247,0.00173406,-0.0036168923,0.37724826,0.0,0.0,0.0,-1.0
33992000,33992000,0.030117538,0.0018708535,-0.003531787,0.3771791,0.0,0.0,0.0,-1.0
34040000,34040000,0.02851295,0.0047895443,-0.0037034384,0.37663135,0.0,0.0,0.0,-1.0
34088000,34088000,0.03015814,0.004733739,-0.003566226,0.37659553,0.0,0.0,0.0,-1.0
34140000,34140000,0.03067613,0.0066544795,-0.0037732762,0.37693232,0.0,0.0,0.0,-1.0
34192000,34192000,0.030752381,0.006043982,-0.0037207124,0.37656766,0.0,0.0,0.0,-1.0
34244000,34244000,0.031230262,0.007073723,-0.0034532445,0.37663874,0.0,0.0,0.0,-1.0
34292000,34292000,0.031316355,0.0066441973,-0.0030646145,0.37634474,0.0,0.0,0.0,-1.0
34340000,34340000,0.030451164,0.011130839,-0.003773314,0.3770201,0.0,0.0,0.0,-1.0
34392000,34392000,0.030665206,0.009700566,-0.0033614463,0.37679636,0.0,0.0,0.0,-1.0
34444000,34444000,0.029238299,0.01181682,-0.0036894674,0.37663767,0.0,0.0,0.0,-1.0
34492000,34492000,0.029849714,0.010263557,-0.0031627412,0.37634698,0.0,0.0,0.0,-1.0
34544000,34544000,0.029688148,0.014554043,-0.0034120146,0.37695014,0.0,0.0,0.0,-1.0
34588000,34588000,0.029335663,0.0136102745,-0.0031248077,0.37672302,0.0,0.0,0.0,-1.0
34644000,34644000,0.028941516,0.014987421,-0.0035022555,0.37670085,0.0,0.0,0.0,-1.0
34692000,34692000,0.02919392,0.014164544,-0.003282996,0.37649873,0.0,0.0,0.0,-1.0
34740000,34740000,0.028202873,0.017803961,-0.003392463,0.37734565,0.0,0.0,0.0,-1.0
34792000,34792000,0.0286759,0.016788844,-0.002975419,0.37692153,0.0,0.0,0.0,-1.0
34844000,34844000,0.02626007,0.018941564,-0.0029073518,0.3764813,0.0,0.0,0.0,-1.0
34888000,34888000,0.026504256,0.018729957,-0.002670681,0.37627417,0.0,0.0,0.0,-1.0
34940000,34940000,0.025117265,0.020672848,-0.0028329608,0.376611,0.0,0.0,0.0,-1.0
34992000,34992000,0.026697757,0.020501608,-0.0026306398,0.37649125,0.0,0.0,0.0,-1.0
35040000,35040000,0.02542908,0.022526799,-0.0028276802,0.37697068,0.0,0.0,0.0,-1.0
35088000,35088000,0.025199737,0.021736018,-0.002784947,0.37684563,0.0,0.0,0.0,-1.0
35144000,35144000,0.023584174,0.02381744,-0.0026751522,0.37725908,0.0,0.0,0.0,-1.0
35188000,35188000,0.02278765,0.023434902,-0.0022905106,0.3768993,0.0,0.0,0.0,-1.0
35244000,35244000,0.021301469,0.024241121,-0.002700533,0.3764318,0.0,0.0,0.0,-1.0
35292000,35292000,0.02154924,0.024163974,-0.0023060932,0.37600344,0.0,0.0,0.0,-1.0
35340000,35340000,0.020321911,0.026105823,-0.0024506466,0.37648356,0.0,0.0,0.0,-1.0
35392000,35392000,0.020199427,0.026142392,-0.0021580912,0.37629482,0.0,0.0,0.0,-1.0
35440000,35440000,0.01891965,0.027660426,-0.0023258168,0.37675706,0.0,0.0,0.0,-1.0
35492000,35492000,0.019282987,0.026360024,-0.0019261604,0.37627587,0.0,0.0,0.0,-1.0
35544000,35544000,0.016722698,0.02810872,-0.0019174479,0.3769791,0.0,0.0,0.0,-1.0
35588000,35588000,0.016386827,0.028223386,-0.0021718517,0.37687227,0.0,0.0,0.0,-1.0
35640000,35640000,0.01371384,0.028759766,-0.0021651597,0.37699196,0.0,0.0,0.0,-1.0
35688000,35688000,0.012966046,0.02973848,-0.001666072,0.37648013,0.0,0.0,0.0,-1.0
35740000,35740000,0.011639573,0.03021853,-0.0017537901,0.3770242,0.0,0.0,0.0,-1.0
35792000,35792000,0.012375882,0.030109381,-0.0016993296,0.3768724,0.0,0.0,0.0,-1.0
35840000,35840000,0.010682643,0.031142635,-0.0010502109,0.3771774,0.0,0.0,0.0,-1.0
35892000,35892000,0.011530746,0.029775156,-0.0020493672,0.37669015,0.0,0.0,0.0,-1.0
35944000,35944000,0.008425905,0.03122161,-0.0015997605,0.3774301,0.0,0.0,0.0,-1.0
35992000,35992000,0.008223104,0.031724487,-0.0014663571,0.37723798,0.0,0.0,0.0,-1.0
36044000,36044000,0.0065289014,0.030484362,-0.0017088566,0.37655544,0.0,0.0,0.0,-1.0
36092000,36092000,0.0059888023,0.031589717,-0.0014573885,0.3758486,0.0,0.0,0.0,-1.0
36144000,36144000,0.0034273502,0.032505844,-0.0013189868,0.37633964,0.0,0.0,0.0,-1.0
36192000,36192000,0.0037803117,0.03212291,-0.0013652146,0.37612,0.0,0.0,0.0,-1.0
36240000,36240000,0.0010837985,0.03274261,-0.0010282946,0.37649927,0.0,0.0,0.0,-1.0
36292000,36292000,0.0026820358,0.031529486,-0.0011183813,0.37589604,0.0,0.0,0.0,-1.0
36344000,36344000,-0.0011812018,0.032628205,-0.0011779943,0.37660795,0.0,0.0,0.0,-1.0
36392000,36392000,-0.00023867251,0.032380503,-0.000741001,0.3765963,0.0,0.0,0.0,-1.0
36444000,36444000,-0.0034474232,0.03133699,-0.0008550483,0.3758495,0.0,0.0,0.0,-1.0
36492000,36492000,-0.0029747223,0.031960055,-0.00089641206,0.37512895,0.0,0.0,0.0,-1.0
36540000,36540000,-0.0063444744,0.031496115,-0.00043894374,0.37573275,0.0,0.0,0.0,-1.0
36588000,36588000,-0.0056323675,0.031167552,-0.0008706972,0.3756584,0.0,0.0,0.0,-1.0
36644000,36644000,-0.0060710157,0.03152573,-0.0006356287,0.3757283,0.0,0.0,0.0,-1.0
36688000,36688000,-0.0068964968,0.03138178,-0.00052568724,0.37574062,0.0,0.0,0.0,-1.0
36744000,36744000,-0.010282614,0.03121793,-0.00078634534,0.37639937,0.0,0.0,0.0,-1.0
36788000,36788000,-0.009585549,0.030879993,-0.00052412844,0.37633145,0.0,0.0,0.0,-1.0
36840000,36840000,-0.012698382,0.029492725,-0.00064131507,0.37611338,0.0,0.0,0.0,-1.0
36892000,36892000,-0.011907437,0.03064538,-0.00048030488,0.37498137,0.0,0.0,0.0,-1.0
36944000,36944000,-0.015153353,0.029258654,4.124886e-05,0.3755752,0.0,0.0,0.0,-1.0
36992000,36992000,-0.014005756,0.029660098,3.903103e-05,0.37524787,0.0,0.0,0.0,-1.0
37044000,37044000,-0.016110621,0.028759016,7.8071025e-05,0.37535334,0.0,0.0,0.0,-1.0
37088000,37088000,-0.016669191,0.028136516,0.0003504858,0.37559432,0.0,0.0,0.0,-1.0
37144000,37144000,-0.01858356,0.027213199,0.0002223769,0.37611946,0.0,0.0,0.0,-1.0
37192000,37192000,-0.018384252,0.026770905,0.0004854966,0.37595484,0.0,0.0,0.0,-1.0
37244000,37244000,-0.020117663,0.02550776,0.00014629087,0.37538,0.0,0.0,0.0,-1.0
37292000,37292000,-0.019096509,0.026555445,0.00041799562,0.37470588,0.0,0.0,0.0,-1.0
37344000,37344000,-0.022569718,0.024621448,0.0008152268,0.37529358,0.0,0.0,0.0,-1.0
37392000,37392000,-0.02198602,0.024427816,0.0010463304,0.375118,0.0,0.0,0.0,-1.0
37444000,37444000,-0.023347132,0.023501543,0.00097499246,0.37556475,0.0,0.0,0.0,-1.0
37488000,37488000,-0.024167717,0.022887437,0.00087124185,0.3757917,0.0,0.0,0.0,-1.0
37544000,37544000,-0.026057841,0.021508915,0.0009679486,0.37640417,0.0,0.0,0.0,-1.0
37592000,37592000,-0.025811236,0.021924678,0.0015415275,0.3764454,0.0,0.0,0.0,-1.0
37640000,37640000,-0.026523203,0.020861147,0.0013018849,0.37562642,0.0,0.0,0.0,-1.0
37688000,37688000,-0.027008198,0.01984862,0.0014507319,0.37510684,0.0,0.0,0.0,-1.0
37740000,37740000,-0.02801206,0.017763589,0.00100207,0.3750949,0.0,0.0,0.0,-1.0
37788000,37788000,-0.02850648,0.017941855,0.0017037052,0.374914,0.0,0.0,0.0,-1.0
37844000,37844000,-0.029421018,0.01722926,0.0020216152,0.37507582,0.0,0.0,0.0,-1.0
37892000,37892000,-0.028529009,0.017297868,0.002146822,0.37494206,0.0,0.0,0.0,-1.0
37944000,37944000,-0.03067695,0.014609396,0.0018370559,0.37569308,0.0,0.0,0.0,-1.0
37988000,37988000,-0.030259842,0.014489343,0.0021672721,0.37560114,0.0,0.0,0.0,-1.0
38044000,38044000,-0.030987084,0.013559865,0.0027625798,0.37470865,0.0,0.0,0.0,-1.0
38088000,38088000,-0.031475954,0.012421676,0.0021847056,0.37441826,0.0,0.0,0.0,-1.0
38144000,38144000,-0.032339625,0.0106080845,0.0023985761,0.37490168,0.0,0.0,0.0,-1.0
38192000,38192000,-0.031859495,0.010878927,0.0025533405,0.37477916,0.0,0.0,0.0,-1.0
38240000,38240000,-0.032436267,0.008294953,0.002631815,0.37520418,0.0,0.0,0.0,-1.0
38292000,38292000,-0.03205542,0.009778449,0.0027609349,0.37478766,0.0,0.0,0.0,-1.0
38344000,38344000,-0.032785106,0.0063282996,0.0023292135,0.37562382,0.0,0.0,0.0,-1.0
38392000,38392000,-0.032905113,0.007252816,0.0031483462,0.37545025,0.0,0.0,0.0,-1.0
38440000,38440000,-0.03295168,0.0042447466,0.0029169987,0.3750083,0.0,0.0,0.0,-1.0
38492000,38492000,-0.032030903,0.005678895,0.003684048,0.37384492,0.0,0.0,0.0,-1.0
38540000,38540000,-0.032546386,0.0020106751,0.0031765592,0.3744137,0.0,0.0,0.0,-1.0
38588000,38588000,-0.03294756,0.0028560117,0.0029817,0.37416768,0.0,0.0,0.0,-1.0
38644000,38644000,-0.032598197,0.0013941907,0.0034078015,0.37434047,0.0,0.0,0.0,-1.0
38688000,38688000,-0.03238595,0.0007532744,0.0036934009,0.37458023,0.0,0.0,0.0,-1.0
38740000,38740000,-0.032015275,-0.0014745572,0.0034024767,0.37523258,0.0,0.0,0.0,-1.0
38792000,38792000,-0.03176743,-0.00092074584,0.0032516876,0.37512812,0.0,0.0,0.0,-1.0
38844000,38844000,-0.031011049,-0.0017591503,0.0038632285,0.3744125,0.0,0.0,0.0,-1.0
38888000,38888000,-0.031543504,-0.0030384867,0.0035181097,0.37416327,0.0,0.0,0.0,-1.0
38944000,38944000,-0.030745521,-0.0036472483,0.0038025924,0.37397498,0.0,0.0,0.0,-1.0
38992000,38992000,-0.031133242,-0.0047792415,0.0036401711,0.3742227,0.0,0.0,0.0,-1.0
39040000,39040000,-0.029572945,-0.007347802,0.003385215,0.374691,0.0,0.0,0.0,-1.0
39092000,39092000,-0.029831544,-0.0054173414,0.0038792472,0.37441763,0.0,0.0,0.0,-1.0
39144000,39144000,-0.028418966,-0.00854767,0.0034682478,0.3751468,0.0,0.0,0.0,-1.0
39192000,39192000,-0.028244158,-0.007303087,0.0034182551,0.37507647,0.0,0.0,0.0,-1.0
39240000,39240000,-0.027610559,-0.009032687,0.0035550562,0.37452963,0.0,0.0,0.0,-1.0
39288000,39288000,-0.02728859,-0.00958794,0.0038124607,0.37414145,0.0,0.0,0.0,-1.0
39340000,39340000,-0.025740605,-0.012219181,0.0035283228,0.37437722,0.0,0.0,0.0,-1.0
39388000,39388000,-0.024875874,-0.011049428,0.0034733224,0.37421218,0.0,0.0,0.0,-1.0
39444000,39444000,-0.024905724,-0.011923257,0.0036588435,0.37416917,0.0,0.0,0.0,-1.0
39492000,39492000,-0.024745222,-0.011788398,0.0033305816,0.37424386,0.0,0.0,0.0,-1.0
39540000,39540000,-0.022128042,-0.0140164355,0.003104954,0.37505758,0.0,0.0,0.0,-1.0
39592000,39592000,-0.022517836,-0.013673043,0.003134062,0.37486735,0.0,0.0,0.0,-1.0
39640000,39640000,-0.02062375,-0.0148624005,0.0028896208,0.37469107,0.0,0.0,0.0,-1.0
39688000,39688000,-0.02101389,-0.015088597,0.0029344356,0.37393257,0.0,0.0,0.0,-1.0
39744000,39744000,-0.019513976,-0.016317997,0.0027408455,0.3742699,0.0,0.0,0.0,-1.0
39792000,39792000,-0.019033808,-0.016284298,0.003034664,0.37398142,0.0,0.0,0.0,-1.0
39844000,39844000,-0.01770321,-0.016648602,0.0026940298,0.37429425,0.0,0.0,0.0,-1.0
39888000,39888000,-0.016792616,-0.016853735,0.0024524722,0.37448236,0.0,0.0,0.0,-1.0
39944000,39944000,-0.015457471,-0.017913532,0.0028543358,0.3750083,0.0,0.0,0.0,-1.0
39992000,39992000,-0.015174132,-0.017852966,0.002562005,0.37505826,0.0,0.0,0.0,-1.0
40044000,40044000,-0.013355638,-0.018212983,0.0022470416,0.3745462,0.0,0.0,0.0,-1.0
40092000,40092000,-0.014075593,-0.0181617,0.0020618837,0.37402156,0.0,0.0,0.0,-1.0
40144000,40144000,-0.011229587,-0.019458821,0.0022818828,0.3745721,0.0,0.0,0.0,-1.0
40188000,40188000,-0.011000668,-0.01916146,0.001921914,0.37452003,0.0,0.0,0.0,-1.0
40240000,40240000,-0.009672116,-0.01979462,0.0018939696,0.37469202,0.0,0.0,0.0,-1.0
40288000,40288000,-0.00858001,-0.02003422,0.0011622272,0.3748294,0.0,0.0,0.0,-1.0
40344000,40344000,-0.0060141482,-0.020604264,0.0010395577,0.37530056,0.0,0.0,0.0,-1.0
40392000,40392000,-0.0059647416,-0.020325467,0.0011318601,0.37525076,0.0,0.0,0.0,-1.0
40444000,40444000,-0.004083743,-0.020000003,0.0013209663,0.37484667,0.0,0.0,0.0,-1.0
40492000,40492000,-0.004873935,-0.020509722,0.000811888,0.3742417,0.0,0.0,0.0,-1.0
40544000,40544000,-0.0016398192,-0.020646354,0.0005266642,0.37482247,0.0,0.0,0.0,-1.0
40588000,40588000,-0.0015348657,-0.020267705,0.0008779465,0.37464756,0.0,0.0,0.0,-1.0
40644000,40644000,-0.00041040807,-0.019817835,0.00028301217,0.3746694,0.0,0.0,0.0,-1.0
40692000,40692000,-0.00085266156,-0.021103911,0.00029914582,0.37451312,0.0,0.0,0.0,-1.0
40740000,40740000,0.0035481118,-0.020320363,0.00012191222,0.37531197,0.0,0.0,0.0,-1.0
40792000,40792000,0.0026901048,-0.020449826,-0.00011966517,0.3753056,0.0,0.0,0.0,-1.0
40840000,40840000,0.005147966,-0.020262646,-0.0001146351,0.3747519,0.0,0.0,0.0,-1.0
40892000,40892000,0.0042675547,-0.020224022,-8.339097e-05,0.3743841,0.0,0.0,0.0,-1.0
40940000,40940000,0.007364466,-0.019281356,-0.00028560485,0.3748876,0.0,0.0,0.0,-1.0
40992000,40992000,0.007774549,-0.02017691,-0.0008563616,0.3748501,0.0,0.0,0.0,-1.0
41044000,41044000,0.009010674,-0.019504737,-0.0005944319,0.3751851,0.0,0.0,0.0,-1.0
41092000,41092000,0.00844486,-0.019206591,-0.0006137029,0.37511694,0.0,0.0,0.0,-1.0
41144000,41144000,0.011785873,-0.018602513,-0.0015747361,0.37578857,0.0,0.0,0.0,-1.0
41188000,41188000,0.012320591,-0.018067276,-0.0016979551,0.37561995,0.0,0.0,0.0,-1.0
41244000,41244000,0.014069833,-0.017755829,-0.0017047565,0.37507632,0.0,0.0,0.0,-1.0
41288000,41288000,0.014739827,-0.01854974,-0.0016856224,0.3749316,0.0,0.0,0.0,-1.0
41344000,41344000,0.016984668,-0.01728497,-0.0013867605,0.3752838,0.0,0.0,0.0,-1.0
41388000,41388000,0.016220873,-0.017019873,-0.0020969473,0.37527248,0.0,0.0,0.0,-1.0
41444000,41444000,0.01716936,-0.016428808,-0.001967049,0.37535128,0.0,0.0,0.0,-1.0
41492000,41492000,0.017561674,-0.016566552,-0.0019305252,0.37515837,0.0,0.0,0.0,-1.0
41544000,41544000,0.02069917,-0.014849142,-0.0024612236,0.37592903,0.0,0.0,0.0,-1.0
41592000,41592000,0.019848967,-0.01532431,-0.002497053,0.3757196,0.0,0.0,0.0,-1.0
41644000,41644000,0.021307776,-0.01403314,-0.002711901,0.37541455,0.0,0.0,0.0,-1.0
41688000,41688000,0.02193422,-0.01365452,-0.0032409062,0.3752186,0.0,0.0,0.0,-1.0
41740000,41740000,0.023514252,-0.011979659,-0.0027577523,0.37539914,0.0,0.0,0.0,-1.0
41792000,41792000,0.02450216,-0.013079436,-0.0028166154,0.3753507,0.0,0.0,0.0,-1.0
41844000,41844000,0.024890112,-0.011509372,-0.0031821493,0.37536806,0.0,0.0,0.0,-1.0
41888000,41888000,0.023997854,-0.0117830355,-0.0032143963,0.37521347,0.0,0.0,0.0,-1.0
41944000,41944000,0.026605824,-0.00997502,-0.0032611662,0.376186,0.0,0.0,0.0,-1.0
41992000,41992000,0.026330417,-0.010228525,-0.0034420923,0.37606657,0.0,0.0,0.0,-1.0
42040000,42040000,0.028287707,-0.007184509,-0.0036843927,0.3758618,0.0,0.0,0.0,-1.0
42088000,42088000,0.027991964,-0.008141857,-0.0035958346,0.37544852,0.0,0.0,0.0,-1.0
42144000,42144000,0.029065397,-0.0064685876,-0.0038694511,0.37578657,0.0,0.0,0.0,-1.0
42192000,42192000,0.028990481,-0.0074081197,-0.0033011157,0.37564173,0.0,0.0,0.0,-1.0
42244000,42244000,0.03009457,-0.0057747713,-0.0035974123,0.3758463,0.0,0.0,0.0,-1.0
42292000,42292000,0.029769298,-0.0062525403,-0.003426834,0.37578496,0.0,0.0,0.0,-1.0
42340000,42340000,0.031141825,-0.0018586585,-0.0041387337,0.3765006,0.0,0.0,0.0,-1.0
42392000,42392000,0.031166708,-0.0037084229,-0.0038945875,0.37633136,0.0,0.0,0.0,-1.0
42440000,42440000,0.031579617,-0.00040779205,-0.0041934503,0.37625873,0.0,0.0,0.0,-1.0
42492000,42492000,0.03184214,-0.0024604134,-0.0039038707,0.3755959,0.0,0.0,0.0,-1.0
42544000,42544000,0.033225335,7.035429e-06,-0.004045537,0.37616947,0.0,0.0,0.0,-1.0
42592000,42592000,0.032156434,-2.6665126e-05,-0.00419787,0.3760439,0.0,0.0,0.0,-1.0
42644000,42644000,0.03216383,0.0016055298,-0.004162341,0.376089,0.0,0.0,0.0,-1.0
42688000,42688000,0.03295005,0.0025003082,-0.0037098462,0.3761488,0.0,0.0,0.0,-1.0
42740000,42740000,0.032436438,0.003990679,-0.004209176,0.37678152,0.0,0.0,0.0,-1.0
42792000,42792000,0.032801,0.004089049,-0.0038327556,0.37664816,0.0,0.0,0.0,-1.0
42840000,42840000,0.03262308,0.006833542,-0.0040430184,0.376428,0.0,0.0,0.0,-1.0
42892000,42892000,0.032691874,0.005192709,-0.0038290364,0.3752566,0.0,0.0,0.0,-1.0
42944000,42944000,0.032817844,0.007961996,-0.0034281092,0.3757959,0.0,0.0,0.0,-1.0
42988000,42988000,0.0327053,0.0078009493,-0.0037306899,0.37558463,0.0,0.0,0.0,-1.0
43044000,43044000,0.031957828,0.0086780945,-0.0036618453,0.37574643,0.0,0.0,0.0,-1.0
43092000,43092000,0.031839754,0.008036913,-0.0037289911,0.37563956,0.0,0.0,0.0,-1.0
43144000,43144000,0.031877525,0.012083152,-0.0039459467,0.37664908,0.0,0.0,0.0,-1.0
43192000,43192000,0.03184131,0.011435393,-0.0035012276,0.37657908,0.0,0.0,0.0,-1.0
43244000,43244000,0.030622212,0.012832803,-0.0036359436,0.37614846,0.0,0.0,0.0,-1.0
43288000,43288000,0.030612828,0.013265065,-0.0030574573,0.37595204,0.0,0.0,0.0,-1.0
43340000,43340000,0.030131761,0.015937297,-0.0035916227,0.37628692,0.0,0.0,0.0,-1.0
43388000,43388000,0.030108863,0.014758393,-0.0035849523,0.376009,0.0,0.0,0.0,-1.0
43444000,43444000,0.029550374,0.016261889,-0.00357301,0.37616557,0.0,0.0,0.0,-1.0
43488000,43488000,0.02965527,0.016963629,-0.00335272,0.3761893,0.0,0.0,0.0,-1.0
43544000,43544000,0.02812367,0.018573586,-0.0033496446,0.3765999,0.0,0.0,0.0,-1.0
43592000,43592000,0.028191311,0.017853444,-0.003158432,0.37643737,0.0,0.0,0.0,-1.0
43644000,43644000,0.026478043,0.019617962,-0.003070364,0.37573883,0.0,0.0,0.0,-1.0
43692000,43692000,0.027398733,0.018710693,-0.002895351,0.37505564,0.0,0.0,0.0,-1.0
43744000,43744000,0.025367757,0.022293638,-0.0027182556,0.37535113,0.0,0.0,0.0,-1.0
43792000,43792000,0.025089318,0.021053862,-0.0030107035,0.37503573,0.0,0.0,0.0,-1.0
43840000,43840000,0.023879157,0.023223583,-0.0028433918,0.37532926,0.0,0.0,0.0,-1.0
43892000,43892000,0.024496512,0.02179211,-0.0026147873,0.37499127,0.0,0.0,0.0,-1.0
43944000,43944000,0.022104647,0.025172317,-0.0027608536,0.37595204,0.0,0.0,0.0,-1.0
43992000,43992000,0.022240143,0.024230152,-0.0027071482,0.37590733,0.0,0.0,0.0,-1.0
44044000,44044000,0.02075522,0.024765354,-0.00249714,0.37555853,0.0,0.0,0.0,-1.0
44092000,44092000,0.021270977,0.024338549,-0.0023762248,0.37526113,0.0,0.0,0.0,-1.0
44140000,44140000,0.018501027,0.026572797,-0.0025927592,0.37588573,0.0,0.0,0.0,-1.0
44192000,44192000,0.01878459,0.026831128,-0.0023060322,0.37571087,0.0,0.0,0.0,-1.0
44244000,44244000,0.016614014,0.027428374,-0.0023568347,0.37596735,0.0,0.0,0.0,-1.0
44292000,44292000,0.017494025,0.026862469,-0.0020774743,0.37584773,0.0,0.0,0.0,-1.0
44344000,44344000,0.014700036,0.028747495,-0.0022145812,0.3766087,0.0,0.0,0.0,-1.0
44392000,44392000,0.014964739,0.028273383,-0.0022769358,0.3764228,0.0,0.0,0.0,-1.0
44444000,44444000,0.012715089,0.028908482,-0.0017674384,0.37576392,0.0,0.0,0.0,-1.0
44488000,44488000,0.012586423,0.029547816,-0.0018384971,0.375376,0.0,0.0,0.0,-1.0
44540000,44540000,0.009896463,0.030194934,-0.001691462,0.37569642,0.0,0.0,0.0,-1.0
44588000,44588000,0.010105118,0.02964744,-0.0017317755,0.3755869,0.0,0.0,0.0,-1.0
44640000,44640000,0.0074715493,0.031024247,-0.0012765926,0.3762025,0.0,0.0,0.0,-1.0
44688000,44688000,0.007869416,0.030611891,-0.0013996178,0.37596387,0.0,0.0,0.0,-1.0
44740000,44740000,0.0056220274,0.030805802,-0.0013075403,0.3763797,0.0,0.0,0.0,-1.0
44788000,44788000,0.0058884,0.031211518,-0.0016532354,0.37620014,0.0,0.0,0.0,-1.0
44844000,44844000,0.004206899,0.030294035,-0.0015443186,0.37516657,0.0,0.0,0.0,-1.0
44888000,44888000,0.0026728855,0.031012984,-0.001336267,0.37493086,0.0,0.0,0.0,-1.0
44944000,44944000,0.00075806864,0.031287216,-0.0010157166,0.3752744,0.0,0.0,0.0,-1.0
44992000,44992000,0.0018709513,0.031118987,-0.0011461525,0.37491962,0.0,0.0,0.0,-1.0
45040000,45040000,-0.001500187,0.03161598,-0.0010794526,0.37524807,0.0,0.0,0.0,-1.0
45088000,45088000,-0.002063523,0.03125186,-0.0011025876,0.37520504,0.0,0.0,0.0,-1.0
45140000,45140000,-0.0041333223,0.03102191,-0.0007544883,0.37577298,0.0,0.0,0.0,-1.0
45188000,45188000,-0.003506152,0.030451529,-0.00081066915,0.37569496,0.0,0.0,0.0,-1.0
45244000,45244000,-0.0048538735,0.030531025,-0.000912101,0.37520522,0.0,0.0,0.0,-1.0
45288000,45288000,-0.0065975958,0.030379351,-0.000677311,0.3749694,0.0,0.0,0.0,-1.0
45344000,45344000,-0.007950189,0.030218177,-0.00059860887,0.3751972,0.0,0.0,0.0,-1.0
45388000,45388000,-0.0082751885,0.029527383,-0.0007332193,0.37519035,0.0,0.0,0.0,-1.0
45444000,45444000,-0.009723924,0.029653348,-0.0001206958,0.37550792,0.0,0.0,0.0,-1.0
45492000,45492000,-0.009609187,0.029850632,-0.00029273343,0.37539127,0.0,0.0,0.0,-1.0
45544000,45544000,-0.012892747,0.02951621,-0.000651865,0.37625378,0.0,0.0,0.0,-1.0
45592000,45592000,-0.012952493,0.028961463,-0.0003567061,0.37598118,0.0,0.0,0.0,-1.0
45644000,45644000,-0.014755396,0.02685571,-0.00033327483,0.37565282,0.0,0.0,0.0,-1.0
45688000,45688000,-0.013739033,0.028340667,-5.59825e-05,0.37513426,0.0,0.0,0.0,-1.0
45740000,45740000,-0.017494919,0.026271557,1.1362834e-05,0.3757889,0.0,0.0,0.0,-1.0
45792000,45792000,-0.016820062,0.02749241,0.00035470608,0.3755829,0.0,0.0,0.0,-1.0
45840000,45840000,-0.01810483,0.026515618,0.00017730985,0.37552586,0.0,0.0,0.0,-1.0
45888000,45888000,-0.01926106,0.02633674,0.00044873415,0.37559807,0.0,0.0,0.0,-1.0
45944000,45944000,-0.020844076,0.02423427,0.0003203603,0.37602064,0.0,0.0,0.0,-1.0
45992000,45992000,-0.020950297,0.024430936,0.00044713123,0.3757942,0.0,0.0,0.0,-1.0
46044000,46044000,-0.022101315,0.023560632,0.0007601151,0.375371,0.0,0.0,0.0,-1.0
46092000,46092000,-0.022265669,0.023471022,0.0010207896,0.37464833,0.0,0.0,0.0,-1.0
46144000,46144000,-0.024429068,0.021572286,0.0009954867,0.37523544,0.0,0.0,0.0,-1.0
46192000,46192000,-0.0247582,0.02065484,0.0007025336,0.3753468,0.0,0.0,0.0,-1.0
46244000,46244000,-0.025253713,0.020160947,0.0013564372,0.375314,0.0,0.0,0.0,-1.0
46292000,46292000,-0.024846276,0.020370685,0.0014627615,0.37521878,0.0,0.0,0.0,-1.0
46344000,46344000,-0.026669249,0.01825725,0.0014745861,0.37592477,0.0,0.0,0.0,-1.0
46388000,46388000,-0.027497575,0.018499972,0.0016542656,0.37579727,0.0,0.0,0.0,-1.0
46444000,46444000,-0.028386928,0.017189493,0.0017494924,0.37536195,0.0,0.0,0.0,-1.0
46492000,46492000,-0.027846327,0.017419055,0.0023096513,0.37483236,0.0,0.0,0.0,-1.0
46540000,46540000,-0.029495733,0.014567209,0.0015484493,0.37525877,0.0,0.0,0.0,-1.0
46588000,46588000,-0.029625146,0.014554289,0.0019468887,0.37510973,0.0,0.0,0.0,-1.0
46644000,46644000,-0.029502474,0.013588605,0.001966535,0.37522286,0.0,0.0,0.0,-1.0
46688000,46688000,-0.03031485,0.012957442,0.002438097,0.37533233,0.0,0.0,0.0,-1.0
46740000,46740000,-0.031081986,0.010606877,0.00218092,0.3756502,0.0,0.0,0.0,-1.0
46788000,46788000,-0.03133679,0.011292764,0.0021157237,0.37545586,0.0,0.0,0.0,-1.0
46840000,46840000,-0.03150807,0.009547043,0.002636665,0.37475517,0.0,0.0,0.0,-1.0
46892000,46892000,-0.031393047,0.010025904,0.0030035158,0.37406766,0.0,0.0,0.0,-1.0
46944000,46944000,-0.03142913,0.0074027716,0.0026253532,0.37461618,0.0,0.0,0.0,-1.0
46992000,46992000,-0.03206407,0.007300641,0.0032176406,0.37447792,0.0,0.0,0.0,-1.0
47044000,47044000,-0.03244328,0.0058770077,0.0028044684,0.37453917,0.0,0.0,0.0,-1.0
47092000,47092000,-0.032010406,0.0060830778,0.0031037764,0.37443212,0.0,0.0,0.0,-1.0
47144000,47144000,-0.03289094,0.003542948,0.0028512115,0.37516093,0.0,0.0,0.0,-1.0
47192000,47192000,-0.03309536,0.0036565417,0.0033181347,0.37489986,0.0,0.0,0.0,-1.0
47244000,47244000,-0.03212481,0.0019720676,0.0035732242,0.37419203,0.0,0.0,0.0,-1.0
47292000,47292000,-0.032686993,0.002550743,0.003468454,0.37353808,0.0,0.0,0.0,-1.0
47344000,47344000,-0.03220653,-0.0017301203,0.0030751966,0.37406185,0.0,0.0,0.0,-1.0
47388000,47388000,-0.03172043,-0.00034237897,0.0037265297,0.37394768,0.0,0.0,0.0,-1.0
47440000,47440000,-0.03164398,-0.002503184,0.0033821636,0.3743622,0.0,0.0,0.0,-1.0
47488000,47488000,-0.03135679,-0.0022951209,0.0037985065,0.37434772,0.0,0.0,0.0,-1.0
47544000,47544000,-0.030944394,-0.0047434233,0.0035070525,0.37485912,0.0,0.0,0.0,-1.0
47592000,47592000,-0.030428959,-0.0031349794,0.00358478,0.37485063,0.0,0.0,0.0,-1.0
47644000,47644000,-0.029791325,-0.0060735913,0.003641494,0.37423894,0.0,0.0,0.0,-1.0
47688000,47688000,-0.02983537,-0.0052249553,0.003911881,0.37357485,0.0,0.0,0.0,-1.0
47740000,47740000,-0.029246854,-0.008216324,0.0039061783,0.37418923,0.0,0.0,0.0,-1.0
47792000,47792000,-0.028786745,-0.007397415,0.0035911077,0.37416556,0.0,0.0,0.0,-1.0
47844000,47844000,-0.027823431,-0.008735346,0.0035921177,0.37460628,0.0,0.0,0.0,-1.0
47892000,47892000,-0.028427152,-0.007962174,0.0033007518,0.3745152,0.0,0.0,0.0,-1.0
47944000,47944000,-0.026483966,-0.011066097,0.0034845546,0.37526643,0.0,0.0,0.0,-1.0
47988000,47988000,-0.026587788,-0.0102684265,0.0036521559,0.37502655,0.0,0.0,0.0,-1.0
48044000,48044000,-0.024600841,-0.011237487,0.0033447738,0.37464297,0.0,0.0,0.0,-1.0
48092000,48092000,-0.025243675,-0.01055681,0.0036619,0.37433618,0.0,0.0,0.0,-1.0
48144000,48144000,-0.02329333,-0.013629793,0.003243224,0.37487596,0.0,0.0,0.0,-1.0
48192000,48192000,-0.023577673,-0.013201551,0.003085109,0.374657,0.0,0.0,0.0,-1.0
48244000,48244000,-0.02228352,-0.014446032,0.0036065918,0.3750271,0.0,0.0,0.0,-1.0
48288000,48288000,-0.022662701,-0.013757975,0.0033644543,0.37486684,0.0,0.0,0.0,-1.0
48344000,48344000,-0.020502856,-0.015729407,0.0034070741,0.37570962,0.0,0.0,0.0,-1.0
48392000,48392000,-0.020066956,-0.015374052,0.0030219166,0.3755679,0.0,0.0,0.0,-1.0
48444000,48444000,-0.018282246,-0.015469695,0.0025928607,0.37502152,0.0,0.0,0.0,-1.0
48488000,48488000,-0.017230025,-0.016665904,0.0026806996,0.37481022,0.0,0.0,0.0,-1.0
48544000,48544000,-0.015687395,-0.017530575,0.0024695424,0.375126,0.0,0.0,0.0,-1.0
48588000,48588000,-0.01573149,-0.017752016,0.0026141712,0.3748507,0.0,0.0,0.0,-1.0
48644000,48644000,-0.014510987,-0.017943807,0.0022515273,0.37492403,0.0,0.0,0.0,-1.0
48688000,48688000,-0.014079698,-0.018444192,0.002212626,0.37505767,0.0,0.0,0.0,-1.0
48740000,48740000,-0.010814297,-0.018936576,0.0018714918,0.37549064,0.0,0.0,0.0,-1.0
48788000,48788000,-0.011393017,-0.018823886,0.0017269198,0.3754292,0.0,0.0,0.0,-1.0
48840000,48840000,-0.010368395,-0.018937081,0.0018527668,0.37492424,0.0,0.0,0.0,-1.0
48888000,48888000,-0.009250797,-0.02002509,0.0014788269,0.3748575,0.0,0.0,0.0,-1.0
48944000,48944000,-0.0071641826,-0.020043286,0.0017057019,0.37507826,0.0,0.0,0.0,-1.0
48988000,48988000,-0.007481732,-0.019529508,0.0015749908,0.37482622,0.0,0.0,0.0,-1.0
49044000,49044000,-0.0058038556,-0.020263346,0.0012261067,0.3750288,0.0,0.0,0.0,-1.0
49092000,49092000,-0.005903666,-0.019766498,0.0007397473,0.37482592,0.0,0.0,0.0,-1.0
49144000,49144000,-0.0022246127,-0.020288063,0.0010102959,0.37562585,0.0,0.0,0.0,-1.0
49192000,49192000,-0.002990632,-0.020501895,0.00064996653,0.37553412,0.0,0.0,0.0,-1.0
49240000,49240000,0.0006163316,-0.020787643,0.00024593598,0.3753013,0.0,0.0,0.0,-1.0
49292000,49292000,-0.0017586409,-0.02034767,0.0006036946,0.374148,0.0,0.0,0.0,-1.0
49340000,49340000,0.0024924863,-0.019919848,2.3584114e-05,0.3747099,0.0,0.0,0.0,-1.0
49392000,49392000,0.002622758,-0.020924268,-0.00010832457,0.374719,0.0,0.0,0.0,-1.0
49440000,49440000,0.005064106,-0.019977976,-0.00047925534,0.37519962,0.0,0.0,0.0,-1.0
49488000,49488000,0.0051935823,-0.020588899,-0.0003010917,0.37527886,0.0,0.0,0.0,-1.0
49544000,49544000,0.0073728445,-0.019626185,-0.0005716132,0.37562403,0.0,0.0,0.0,-1.0
49592000,49592000,0.008086712,-0.019625235,-0.0006496904,0.37583727,0.0,0.0,0.0,-1.0
49644000,49644000,0.0081309425,-0.019616721,-0.000536049,0.37524,0.0,0.0,0.0,-1.0
49692000,49692000,0.007493251,-0.019479942,-0.0009897606,0.37482673,0.0,0.0,0.0,-1.0
49740000,49740000,0.011159623,-0.018371988,-0.0009385785,0.37534282,0.0,0.0,0.0,-1.0
49792000,49792000,0.011251944,-0.019266527,-0.0015211835,0.37517142,0.0,0.0,0.0,-1.0
49844000,49844000,0.013235617,-0.018162264,-0.0012939515,0.3754387,0.0,0.0,0.0,-1.0
49888000,49888000,0.013873205,-0.018258886,-0.0016793858,0.37562415,0.0,0.0,0.0,-1.0
49944000,49944000,0.016037835,-0.017183632,-0.001593383,0.37609893,0.0,0.0,0.0,-1.0
49992000,49992000,0.015241028,-0.01749367,-0.0018533217,0.3758194,0.0,0.0,0.0,-1.0
50044000,50044000,0.016845291,-0.016309012,-0.0021095474,0.375813,0.0,0.0,0.0,-1.0
50088000,50088000,0.018127285,-0.016362948,-0.00206553,0.37595043,0.0,0.0,0.0,-1.0
50144000,50144000,0.01980338,-0.015117452,-0.0026781512,0.37617353,0.0,0.0,0.0,-1.0
50188000,50188000,0.01902855,-0.014988634,-0.0022418238,0.37603703,0.0,0.0,0.0,-1.0
50244000,50244000,0.020618754,-0.014537439,-0.0023420267,0.37617514,0.0,0.0,0.0,-1.0
50292000,50292000,0.020752434,-0.014213848,-0.0026662708,0.37592447,0.0,0.0,0.0,-1.0
50340000,50340000,0.023686884,-0.01258666,-0.0027383761,0.37659696,0.0,0.0,0.0,-1.0
50392000,50392000,0.022775924,-0.013428364,-0.0029190008,0.37629986,0.0,0.0,0.0,-1.0
50444000,50444000,0.02418873,-0.011959853,-0.003450418,0.37600702,0.0,0.0,0.0,-1.0
50492000,50492000,0.023085753,-0.012216623,-0.0028736477,0.37548244,0.0,0.0,0.0,-1.0
50544000,50544000,0.025938867,-0.010083503,-0.003390066,0.3760066,0.0,0.0,0.0,-1.0
50588000,50588000,0.025602844,-0.010563815,-0.003375776,0.3757331,0.0,0.0,0.0,-1.0
50640000,50640000,0.027292397,-0.008362436,-0.0032511437,0.37615973,0.0,0.0,0.0,-1.0
50692000,50692000,0.026288407,-0.009271267,-0.0032586316,0.37596932,0.0,0.0,0.0,-1.0
50744000,50744000,0.028443314,-0.006780088,-0.0038634317,0.3766592,0.0,0.0,0.0,-1.0
50792000,50792000,0.028179714,-0.0070794476,-0.0033035795,0.37636256,0.0,0.0,0.0,-1.0
50840000,50840000,0.030074054,-0.0053408816,-0.0038862186,0.37621439,0.0,0.0,0.0,-1.0
50892000,50892000,0.029413352,-0.0055692694,-0.003793938,0.37536386,0.0,0.0,0.0,-1.0
50944000,50944000,0.03069424,-0.003595648,-0.0038057363,0.37593147,0.0,0.0,0.0,-1.0
50992000,50992000,0.030505868,-0.0036564772,-0.0039606546,0.375755,0.0,0.0,0.0,-1.0
51044000,51044000,0.031132894,-0.00321848,-0.0040035066,0.37578776,0.0,0.0,0.0,-1.0
51088000,51088000,0.031250548,-0.0018913463,-0.0036540201,0.37586486,0.0,0.0,0.0,-1.0
51144000,51144000,0.03162637,-0.00029525114,-0.0042767404,0.376468,0.0,0.0,0.0,-1.0
51192000,51192000,0.031966753,-0.0015232379,-0.0037594568,0.37612832,0.0,0.0,0.0,-1.0
51240000,51240000,0.032384716,0.002996732,-0.003999901,0.3759831,0.0,0.0,0.0,-1.0
51292000,51292000,0.03168785,0.00096621184,-0.00393287,0.37519655,0.0,0.0,0.0,-1.0
51340000,51340000,0.03077635,-0.0027211378,-0.006089046,0.37373376,0.0,0.0,0.0,-1.0
51388000,51388000,0.029961206,-0.00127049,-0.0060582347,0.37112314,0.0,0.0,0.0,-1.0
51440000,51440000,0.032045983,0.0019640261,-0.0063858153,0.36891747,0.0,0.0,0.0,-1.0
51492000,51492000,0.032878432,0.0044966857,-0.005764599,0.36825863,0.0,0.0,0.0,-1.0
51544000,51544000,0.03283813,0.008267314,-0.0047859815,0.3661416,0.0,0.0,0.0,-1.0
51588000,51588000,0.032882884,0.008193096,-0.0039425995,0.3654369,0.0,0.0,0.0,-1.0
51644000,51644000,0.032836884,0.008480256,-0.003699488,0.36366343,0.0,0.0,0.0,-1.0
51692000,51692000,0.03389612,0.007340407,-0.0031171073,0.36437503,0.0,0.0,0.0,-1.0
51744000,51744000,0.032488097,0.008086691,-0.0025720836,0.36596644,0.0,0.0,0.0,-1.0
51792000,51792000,0.03106365,0.008497561,-0.0031585828,0.36682817,0.0,0.0,0.0,-1.0
51840000,51840000,0.030355485,0.009172463,-0.003181128,0.3670711,0.0,0.0,0.0,-1.0
51888000,51888000,0.029363777,0.009369363,-0.0031922543,0.36762846,0.0,0.0,0.0,-1.0
51940000,51940000,0.028450657,0.010338819,-0.0030458777,0.36767274,0.0,0.0,0.0,-1.0
51992000,51992000,0.028589185,0.010844499,-0.0028122906,0.36820066,0.0,0.0,0.0,-1.0
52044000,52044000,0.027935468,0.0109737795,-0.003173785,0.36727872,0.0,0.0,0.0,-1.0
52088000,52088000,0.02752135,0.011292229,-0.0027346597,0.3666153,0.0,0.0,0.0,-1.0
52140000,52140000,0.02651638,0.0112725515,-0.0028918763,0.36582527,0.0,0.0,0.0,-1.0
52188000,52188000,0.02706194,0.011816202,-0.002849186,0.36615452,0.0,0.0,0.0,-1.0
52244000,52244000,0.025864903,0.011693873,-0.0026021425,0.3664237,0.0,0.0,0.0,-1.0
52288000,52288000,0.025466759,0.011962943,-0.0026062876,0.36659753,0.0,0.0,0.0,-1.0
52340000,52340000,0.024495559,0.011674781,-0.0027313768,0.36626014,0.0,0.0,0.0,-1.0
52392000,52392000,0.024248343,0.011809689,-0.002613716,0.36692932,0.0,0.0,0.0,-1.0
52444000,52444000,0.023263576,0.01180283,-0.0028862837,0.36600417,0.0,0.0,0.0,-1.0
52488000,52488000,0.023206502,0.012442143,-0.0028907645,0.36573726,0.0,0.0,0.0,-1.0
52544000,52544000,0.02097227,0.011009329,-0.0026398068,0.36384934,0.0,0.0,0.0,-1.0
52592000,52592000,0.022569453,0.012378284,-0.0025028782,0.36516806,0.0,0.0,0.0,-1.0
52640000,52640000,0.01982378,0.011323147,-0.0024046525,0.36514324,0.0,0.0,0.0,-1.0
52692000,52692000,0.022071743,0.012758485,-0.0026197738,0.36777568,0.0,0.0,0.0,-1.0
52744000,52744000,0.018510194,0.011115135,-0.0025486695,0.3674797,0.0,0.0,0.0,-1.0
52792000,52792000,0.019613732,0.012021434,-0.001989427,0.36933973,0.0,0.0,0.0,-1.0
52840000,52840000,0.017498687,0.011172123,-0.00223979,0.36944437,0.0,0.0,0.0,-1.0
52892000,52892000,0.018855173,0.011738907,-0.002114487,0.37108847,0.0,0.0,0.0,-1.0
52944000,52944000,0.014596597,0.010691521,-0.0019975682,0.37096676,0.0,0.0,0.0,-1.0
52988000,52988000,0.015035583,0.010697812,-0.0020791406,0.37220752,0.0,0.0,0.0,-1.0
53040000,53040000,0.013733597,0.010374695,-0.0020568324,0.3726444,0.0,0.0,0.0,-1.0
53092000,53092000,0.014487151,0.011076791,-0.0021719893,0.37481746,0.0,0.0,0.0,-1.0
53144000,53144000,0.011001662,0.008773719,-0.0020351307,0.37491566,0.0,0.0,0.0,-1.0
53188000,53188000,0.010886131,0.008971309,-0.001897765,0.3764542,0.0,0.0,0.0,-1.0
53240000,53240000,0.008436531,0.0074502076,-0.002245246,0.3765555,0.0,0.0,0.0,-1.0
53292000,53292000,0.009967746,0.008924484,-0.0019778977,0.37788633,0.0,0.0,0.0,-1.0
53340000,53340000,0.0076994216,0.010009911,-0.0019359041,0.37758976,0.0,0.0,0.0,-1.0
53392000,53392000,0.008758941,0.0122057,-0.0018934349,0.37806776,0.0,0.0,0.0,-1.0
53444000,53444000,0.005642997,0.009031275,-0.0011271165,0.3785407,0.0,0.0,0.0,-1.0
53488000,53488000,0.004940846,0.007584324,-0.0006837094,0.37891755,0.0,0.0,0.0,-1.0
53544000,53544000,-0.0015232636,0.0042978567,-0.00078707386,0.3781537,0.0,0.0,0.0,-1.0
53592000,53592000,0.0002145482,0.004786587,-0.0006724715,0.37866756,0.0,0.0,0.0,-1.0
53644000,53644000,0.0040719397,0.00014404207,-0.0010042805,0.37682217,0.0,0.0,0.0,-1.0
53692000,53692000,0.0045895805,0.0042936685,-0.00088311406,0.37598196,0.0,0.0,0.0,-1.0
53744000,53744000,0.0034504726,0.007969647,-0.0003337094,0.37215063,0.0,0.0,0.0,-1.0
53788000,53788000,-0.0002041168,0.006954998,-0.0001421154,0.37202814,0.0,0.0,0.0,-1.0
53840000,53840000,-0.004291869,0.005411243,0.00037230074,0.37135944,0.0,0.0,0.0,-1.0
53892000,53892000,-0.0072035855,0.003037605,0.00047324202,0.37188736,0.0,0.0,0.0,-1.0
53944000,53944000,-0.007719176,0.0007439289,0.0006475734,0.36957827,0.0,0.0,0.0,-1.0
53992000,53992000,-0.007296264,0.00069274136,0.0009100612,0.36929145,0.0,0.0,0.0,-1.0
54044000,54044000,-0.006732592,0.0011242027,0.0009923521,0.36944574,0.0,0.0,0.0,-1.0
54092000,54092000,-0.007706215,0.001342241,0.0011618311,0.37002704,0.0,0.0,0.0,-1.0
54144000,54144000,-0.016960043,-0.00058660074,0.0012368411,0.37518984,0.0,0.0,0.0,-1.0
54192000,54192000,-0.021607777,0.0011542288,0.0012405892,0.3841514,0.0,0.0,0.0,-1.0
54240000,54240000,-0.0192707,0.0015819138,0.00079156813,0.38711873,0.0,0.0,0.0,-1.0
54292000,54292000,-0.009796975,0.0010333396,0.0007455474,0.38627875,0.0,0.0,0.0,-1.0
54344000,54344000,-0.0071585528,-0.00025530823,0.0007988625,0.38526824,0.0,0.0,0.0,-1.0
54388000,54388000,-0.0051799775,-0.000696411,0.00085402443,0.3847586,0.0,0.0,0.0,-1.0
54444000,54444000,-0.006949418,-0.0021012074,0.0016723177,0.3842825,0.0,0.0,0.0,-1.0
54488000,54488000,-0.0012806903,0.0021874693,0.0021646642,0.381776,0.0,0.0,0.0,-1.0
54540000,54540000,-0.0056402734,0.0026524956,0.0029392284,0.3788505,0.0,0.0,0.0,-1.0
54592000,54592000,-0.008943131,-0.00095513545,0.003215168,0.37743384,0.0,0.0,0.0,-1.0
54640000,54640000,-0.010022866,-0.0031706789,0.003038173,0.37566903,0.0,0.0,0.0,-1.0
54688000,54688000,-0.0148757165,-0.0027479785,0.0031995538,0.37552887,0.0,0.0,0.0,-1.0
54744000,54744000,-0.01739957,-0.0013496119,0.0035499306,0.374867,0.0,0.0,0.0,-1.0
54792000,54792000,-0.018890567,-0.0010909671,0.0032388216,0.37535587,0.0,0.0,0.0,-1.0
54844000,54844000,-0.017329836,5.8546866e-05,0.0033412573,0.37513745,0.0,0.0,0.0,-1.0
54892000,54892000,-0.01743825,-2.5768211e-05,0.0027554343,0.37553602,0.0,0.0,0.0,-1.0
54944000,54944000,-0.015334305,-0.00023968003,0.0024386274,0.37413618,0.0,0.0,0.0,-1.0
54992000,54992000,-0.016267274,-0.00050292135,0.0024493965,0.37518236,0.0,0.0,0.0,-1.0
55044000,55044000,-0.018171363,0.0012513188,0.0023955824,0.37624878,0.0,0.0,0.0,-1.0
55088000,55088000,-0.018645568,0.0011044615,0.0022499813,0.37716603,0.0,0.0,0.0,-1.0
55140000,55140000,-0.016611725,0.0015551841,0.0022157985,0.37780806,0.0,0.0,0.0,-1.0
55192000,55192000,-0.015026251,0.00024848751,0.0019751533,0.3790579,0.0,0.0,0.0,-1.0
55240000,55240000,-0.012325141,0.0016250238,0.002054819,0.37869596,0.0,0.0,0.0,-1.0
55292000,55292000,-0.013321918,0.00037794662,0.0021549638,0.37974826,0.0,0.0,0.0,-1.0
55344000,55344000,-0.011954437,0.001133881,0.0020996046,0.37949878,0.0,0.0,0.0,-1.0
55392000,55392000,-0.016185377,-0.004144028,0.0020974604,0.38042042,0.0,0.0,0.0,-1.0
55444000,55444000,-0.016017934,-0.0022226702,0.0022936016,0.38091788,0.0,0.0,0.0,-1.0
55488000,55488000,-0.014844614,0.00036424072,0.002604681,0.3816209,0.0,0.0,0.0,-1.0
55540000,55540000,-0.011898353,0.002469887,0.0023743715,0.38116792,0.0,0.0,0.0,-1.0
55588000,55588000,-0.011777089,0.0058363294,0.002210082,0.38178027,0.0,0.0,0.0,-1.0
55644000,55644000,-0.012949874,0.006776495,0.0016566364,0.38188574,0.0,0.0,0.0,-1.0
55688000,55688000,-0.08666114,-0.025581513,0.004445466,0.2702796,0.0,0.0,0.0,-1.0
55740000,55740000,-0.022383735,-0.02213292,0.002769373,0.25503767,0.0,0.0,0.0,-1.0
55792000,55792000,-0.046969675,-0.022764139,0.0029737176,0.25438988,0.0,0.0,0.0,-1.0
55844000,55844000,-0.068457186,-0.02482962,0.0028120927,0.2533418,0.0,0.0,0.0,-1.0
55892000,55892000,-0.08761455,-0.02724713,0.0028714635,0.2513075,0.0,0.0,0.0,-1.0
55944000,55944000,-0.10462098,-0.030160837,0.0029362075,0.24749115,0.0,0.0,0.0,-1.0
55988000,55988000,-0.11316943,-0.033399366,0.0029126718,0.24389748,0.0,0.0,0.0,-1.0
56044000,56044000,-0.11719008,-0.036690284,0.0031842561,0.23854254,0.0,0.0,0.0,-1.0
56092000,56092000,-0.054585055,-0.021270795,0.0017832457,0.12,0.0,0.0,0.0,-1.0
56144000,56144000,-0.15828998,-0.03498968,0.0025176804,0.12,0.0,0.0,0.0,-1.0
56192000,56192000,-0.06781832,-0.02291685,0.0022305641,0.12,0.0,0.0,0.0,-1.0
56244000,56244000,-0.067113474,-0.022766626,0.0022495803,0.12,0.0,0.0,0.0,-1.0
56292000,56292000,-0.06584606,-0.023018304,0.0023361493,0.12,0.0,0.0,0.0,-1.0
56344000,56344000,-0.06405516,-0.02292967,0.0022399013,0.12,0.0,0.0,0.0,-1.0
56392000,56392000,-0.062701225,-0.02281624,0.0021575552,0.12,0.0,0.0,0.0,-1.0
56444000,56444000,-0.061124075,-0.022422979,0.001858608,0.12,0.0,0.0,0.0,-1.0
56492000,56492000,-0.05970283,-0.02259281,0.0020941915,0.12,0.0,0.0,0.0,-1.0
56544000,56544000,-0.05945186,-0.022296928,0.0020375075,0.12,0.0,0.0,0.0,-1.0
56592000,56592000,-0.059274867,-0.022708425,0.0021385665,0.12,0.0,0.0,0.0,-1.0
56640000,56640000,-0.059464313,-0.022680614,0.0021980207,0.12,0.0,0.0,0.0,-1.0
56688000,56688000,-0.0589787,-0.02288104,0.0020050087,0.12,0.0,0.0,0.0,-1.0
56740000,56740000,-0.059635516,-0.022360437,0.0022855138,0.12,0.0,0.0,0.0,-1.0
56792000,56792000,-0.05935818,-0.022334304,0.0020486424,0.12,0.0,0.0,0.0,-1.0
56840000,56840000,-0.059443757,-0.022275485,0.0020014255,0.12,0.0,0.0,0.0,-1.0
56888000,56888000,-0.05963325,-0.021689156,0.0018536913,0.001,0.0,0.0,0.0,-1.0
56944000,56944000,-0.057565775,-0.024168706,0.001726258,0.001,0.0,0.0,0.0,-1.0
56992000,56992000,-0.059948962,-0.022044908,0.0021539144,0.001,0.0,0.0,0.0,-1.0
57044000,57044000,-0.060148742,-0.021788012,0.0019885919,0.001,0.0,0.0,0.0,-1.0
57092000,57092000,-0.05946632,-0.022388186,0.001465097,0.001,0.0,0.0,0.0,-1.0
57144000,57144000,-0.05948748,-0.02200848,0.0022193003,0.001,0.0,0.0,0.0,-1.0
57192000,57192000,-0.060262445,-0.022129636,0.0022672545,0.001,0.0,0.0,0.0,-1.0
57240000,57240000,-0.06020576,-0.02202075,0.0021335585,0.001,0.0,0.0,0.0,-1.0
57288000,57288000,-0.059642736,-0.022266,0.0024325862,0.001,0.0,0.0,0.0,-1.0
57340000,57340000,-0.06023632,-0.022207692,0.00214488,0.001,0.0,0.0,0.0,-1.0
57392000,57392000,-0.060631525,-0.022375468,0.0018191728,0.001,0.0,0.0,0.0,-1.0
57444000,57444000,-0.0603223,-0.021695647,0.0023544156,0.001,0.0,0.0,0.0,-1.0
57492000,57492000,-0.060594253,-0.022217175,0.0020878597,0.001,0.0,0.0,0.0,-1.0
57544000,57544000,-0.060241755,-0.022359915,0.0023309528,0.001,0.0,0.0,0.0,-1.0
57588000,57588000,-0.060475986,-0.021922363,0.002002161,0.001,0.0,0.0,0.0,-1.0
57640000,57640000,-0.06025426,-0.022518914,0.0019489104,0.001,0.0,0.0,0.0,-1.0
57692000,57692000,-0.06052995,-0.0223636,0.002447688,0.001,0.0,0.0,0.0,-1.0
57740000,57740000,-0.060201045,-0.02220649,0.001965552,0.001,0.0,0.0,0.0,-1.0
57792000,57792000,-0.060065806,-0.021971442,0.0021443234,0.001,0.0,0.0,0.0,-1.0
57844000,57844000,-0.060554355,-0.022269566,0.0017741042,0.001,0.0,0.0,0.0,-1.0
57892000,57892000,-0.060212884,-0.021863304,0.0019069529,0.001,0.0,0.0,0.0,-1.0
57944000,57944000,-0.060157288,-0.022039883,0.0021504525,0.001,0.0,0.0,0.0,-1.0
57992000,57992000,-0.060464483,-0.022179954,0.001981692,0.001,0.0,0.0,0.0,-1.0
58044000,58044000,-0.06037894,-0.022617498,0.0019242154,0.001,0.0,0.0,0.0,-1.0
58092000,58092000,-0.060080756,-0.021696258,0.002155656,0.001,0.0,0.0,0.0,-1.0
58140000,58140000,-0.06099318,-0.021800606,0.0019381907,0.001,0.0,0.0,0.0,-1.0
58192000,58192000,-0.06054235,-0.021771358,0.0022151647,0.001,0.0,0.0,0.0,-1.0
58244000,58244000,-0.060520045,-0.02242336,0.0020362188,0.001,0.0,0.0,0.0,-1.0
58292000,58292000,-0.06080989,-0.021856539,0.0021711104,0.001,0.0,0.0,0.0,-1.0
58344000,58344000,-0.06064351,-0.02240437,0.002024738,0.001,0.0,0.0,0.0,-1.0
58392000,58392000,-0.0602611,-0.021743955,0.0021568108,0.001,0.0,0.0,0.0,-1.0
58440000,58440000,-0.06067387,-0.021758974,0.0020065424,0.001,0.0,0.0,0.0,-1.0
58488000,58488000,-0.060275357,-0.021909535,0.0020447883,0.001,0.0,0.0,0.0,-1.0
58544000,58544000,-0.060684316,-0.022030039,0.0019165857,0.001,0.0,0.0,0.0,-1.0
58592000,58592000,-0.06061564,-0.022148607,0.002194972,0.001,0.0,0.0,0.0,-1.0
58644000,58644000,-0.060471088,-0.02253611,0.0020802882,0.001,0.0,0.0,0.0,-1.0
58692000,58692000,-0.06043503,-0.022207865,0.0020788831,0.001,0.0,0.0,0.0,-1.0
58740000,58740000,-0.061089538,-0.021915073,0.0021744003,0.001,0.0,0.0,0.0,-1.0
58788000,58788000,-0.06055361,-0.0224325,0.0020226568,0.001,0.0,0.0,0.0,-1.0
58844000,58844000,0.0061554397,0.00067238766,-0.00022238654,0.001,0.0,0.0,0.0,-1.0
58888000,58888000,0.0055820867,0.0008756892,4.1653213e-05,0.001,0.0,0.0,0.0,-1.0
58944000,58944000,0.006163906,0.0007012228,-2.6482452e-05,0.001,0.0,0.0,0.0,-1.0
58988000,58988000,0.0059074257,0.0005672643,-0.00031815993,0.001,0.0,0.0,0.0,-1.0
59040000,59040000,0.0056041987,0.00074016576,4.4247386e-06,0.001,0.0,0.0,0.0,-1.0
59092000,59092000,0.0063041216,0.0009096552,-0.00014040041,0.001,0.0,0.0,0.0,-1.0
59140000,59140000,0.005757391,0.00050574134,0.00034819075,0.001,0.0,0.0,0.0,-1.0
59188000,59188000,0.00600869,0.00034964987,0.000107935535,0.001,0.0,0.0,0.0,-1.0
59244000,59244000,0.00601266,0.00056957436,-0.00011017709,0.001,0.0,0.0,0.0,-1.0
59288000,59288000,0.0058105094,0.0005564118,-0.0002219238,0.001,0.0,0.0,0.0,-1.0
59344000,59344000,0.005769814,0.00070427835,-5.486718e-05,0.001,0.0,0.0,0.0,-1.0
59392000,59392000,0.0054816487,0.0008621577,-0.00020623328,0.001,0.0,0.0,0.0,-1.0
59444000,59444000,0.005567125,0.00076897553,-5.339596e-05,0.001,0.0,0.0,0.0,-1.0
59488000,59488000,0.005608962,0.0005644275,-0.00027247213,0.001,0.0,0.0,0.0,-1.0
59544000,59544000,0.0054910197,0.0005828495,-0.00021245838,0.001,0.0,0.0,0.0,-1.0
59592000,59592000,0.0057808026,0.0006347032,0.00010164784,0.001,0.0,0.0,0.0,-1.0
59644000,59644000,0.0052677817,0.00014190603,1.7758804e-05,0.001,0.0,0.0,0.0,-1.0
59688000,59688000,0.0053327577,0.0004845761,0.0003340733,0.001,0.0,0.0,0.0,-1.0
59740000,59740000,0.005699304,0.0007835821,6.767572e-07,0.001,0.0,0.0,0.0,-1.0
59792000,59792000,0.0054419823,0.00079979363,1.9544168e-06,0.001,0.0,0.0,0.0,-1.0
